Num,Gauge_ID,Gauge_Lat,Gauge_Lon,ELEV,STD_ELEV,SLOPE,PCT_SAND,PCT_CLAY,SOIL_DEP,SOIL_COLOR,PCT_CROP,PCT_URBAN,PCT_GRASS,PCT_SHRUB,PCT_DECIDUOUS,PCT_GREEN,PCT_BARE,B,ARIDITY,P_CV,P_Avg,P_MED_1D,P_MED_2D,P_MED_1H,SH_Avg
1,02118500,36.001,-80.746,325.08929,33.40454,0.97083,50.8,25.4,1.20548,14,37.08811,0,49.73754,0,11.56119,1.61316,0,63.71909,0.74938,0.1664,1228.55456,58.8642,80.3209,15.1448,0.00871
2,05120500,48.138,-100.54,500.45522,12.42175,0.23323,19.54167,32.05833,45.62507,13,60.61686,0,36.11635,0,1.68835,0.61305,0.13206,24.30668,1.51308,0.24262,457.78755,33.69512,42.78217,13.5604,0.00479
3,09492400,33.822,-109.815,2565.90841,169.30089,3.80167,34.8,33.8,0.8344,19,0.64542,0,8.17497,9.4321,1.36038,80.17425,0.04621,60.13991,0.8805,0.2612,694.95821,38.92825,58.80602,12.7118,0.00442
4,13340600,46.84,-115.621,1454.45832,203.09457,6.53628,55.6,10.6,0.6437,20,0.31911,0,4.60209,0,4.55291,90.52589,0,68.63393,0.39237,0.18807,1397.00225,49.10122,73.32556,13.1776,0.005
5,07301500,35.168,-99.507,798.60312,20.60388,0.49783,47.31395,24.6814,26.9203,12,22.64083,0,76.15683,0.0043,0.5329,0.13322,0.53192,28.02711,1.76779,0.22046,605.45997,46.09139,59.48311,15.47116,0.00723
6,07057500,36.623,-92.248,326.93057,22.84187,0.64763,48.5,27.5,1.23827,13,24.89015,0,43.00654,0,28.75764,3.34567,0,44.46432,0.77243,0.19482,1204.25254,63.93584,81.26734,18.10483,0.00874
7,04196800,40.923,-83.349,277.7529,6.49235,0.0916,41.1,24.5,49.97582,13,74.39389,0.14818,23.62768,0,1.66798,0.16228,0,22.16208,0.83328,0.16078,922.06687,41.1038,53.93037,12.02133,0.00737
8,06043500,45.497,-111.271,2388.09065,218.68608,6.05454,40.1,25.8,0.74337,20,1.30244,0,33.9154,0,0.81489,62.84656,1.12072,77.37353,0.49401,0.17929,868.23951,29.77402,41.77268,10.09734,0.00383
9,01030500,45.501,-68.306,177.18055,27.29366,0.73871,51.648,16.2,16.70404,17,1.24866,0,2.67256,0,37.27651,57.00228,0,53.85561,0.50104,0.17247,1161.44663,50.67342,64.29006,12.88435,0.0057
10,03300400,37.833,-85.296,247.15806,15.46485,0.44159,43,31.5,1.32788,14,37.43475,0.03705,49.45068,0,12.22821,0.84931,0,19.06094,0.69843,0.16004,1238.17209,54.2065,75.4986,14.12587,0.00872
11,01639500,39.612,-77.237,223.9171,28.18579,0.759,46.45,28.55,1.13088,12,49.95389,0.61109,41.40573,0,6.18228,1.84701,0,54.03165,0.70182,0.19606,1117.88844,53.8277,71.0277,15.8596,0.00741
12,09497980,33.828,-110.856,1770.08876,145.62009,3.7224,53.13333,23.13333,0.83515,18,0.82048,0,26.64801,36.54785,1.03042,33.95945,0.99379,36.40784,1.54175,0.28105,580.48676,43.39423,59.83927,12.88953,0.00495
13,06910800,38.567,-95.962,412.04494,18.84786,0.49255,32.33333,29.8,1.37841,13,23.79483,0,72.58701,0,3.35473,0.26342,0,20.56851,0.96828,0.1984,934.81002,52.40623,75.27173,19.2008,0.00775
14,03159540,39.064,-81.882,245.19876,12.57867,0.34672,42.8,26.8,1.11515,12,10.42568,0.27773,43.12157,0,45.32343,0.8516,0,29.01227,0.81676,0.1642,1006.39154,39.44542,53.3228,11.5486,0.00799
15,01552000,41.325,-76.912,508.70977,63.25173,1.91614,38.2,29.42222,2.92744,13,9.48615,0,16.83281,0,72.07118,1.60986,0,37.10968,0.58628,0.19862,1110.07797,51.80669,64.93611,13.7298,0.00663
16,08269000,36.439,-105.504,2821.64881,239.07542,6.98864,40.3,26.4,0.65448,19,1.4867,0,28.18166,0,3.7243,66.60104,0.00629,66.99412,0.97264,0.19781,548.26951,28.4053,37.6163,11.5296,0.00396
17,08378500,35.708,-105.683,3090.68056,210.94411,5.92084,40.83333,26.4,0.68739,20,0.00022,0,14.28492,0.00196,1.57541,83.98627,0.15123,66.65685,0.63461,0.26237,821.60939,40.9109,59.0614,17.78847,0.00353
18,03182500,38.186,-80.131,942.69428,115.07269,3.33323,49.77778,25.68889,0.80225,13,2.75173,0,6.98071,0,87.57811,2.68944,0,39.27269,0.55289,0.15072,1174.59353,47.2365,63.14394,12.50554,0.0071
19,02363000,31.595,-85.783,134.10585,16.0363,0.48166,56.75556,21.13333,1.35309,15,12.05669,0,23.01565,0,16.14972,48.77793,0,44.71355,0.83724,0.16733,1336.00199,73.93573,91.01222,19.45047,0.01081
20,06803530,41.016,-96.544,383.15217,14.41858,0.41763,31.4,31.8,31.36321,12,72.71546,0,27.1013,0,0.1832,3.00E-05,1.00E-05,38.1227,1.06086,0.20536,795.8239,55.5327,66.28025,16.9098,0.00704
21,08176900,28.862,-97.226,90.1359,11.41447,0.30367,35.5,40,39.05089,12,26.00615,0,63.41438,4.61457,1.07409,4.8908,0,16.45908,1.56634,0.24472,865.8451,60.15527,75.43553,22.54333,0.01204
22,09494000,33.736,-110.167,2175.57025,139.93543,3.37805,34.8,33.8,0.98127,18,1.25075,0,17.83714,21.22325,2.04418,57.06994,0.57474,56.5793,1.24015,0.25289,608.44929,34.72166,49.34434,12.32685,0.00487
23,06918460,37.402,-93.802,339.27844,19.95769,0.5142,46.8,31.3,1.4141,12,52.55628,0,41.37407,0,4.70662,1.36304,0,39.68384,0.7716,0.17687,1192.0877,69.52833,91.09113,19.5191,0.00859
24,06280300,44.208,-109.555,2885.01291,314.03654,9.69418,30.8,27.2,0.63911,19,0.1116,0,49.71412,0,1.16413,32.06245,16.94769,65.95832,0.5467,0.24455,723.22149,31.6946,44.87467,12.8164,0.00342
25,13340000,46.478,-116.258,1443.86046,208.32715,6.06085,53,13.03173,0.92013,19,7.30139,0,13.72712,0,1.68288,77.14302,0.10712,67.98759,0.61169,0.18524,998.66073,36.39254,53.5798,10.33518,0.00499
26,03592718,34.836,-88.288,163.91036,13.62647,0.43869,48.5,27.5,1.28017,14,13.13278,0,32.59958,0,36.93769,16.57994,0,44.36607,0.73045,0.18275,1399.52061,69.31722,97.11742,18.31793,0.00986
27,12114500,47.342,-121.549,1049.49511,202.92674,7.23851,55.6,10.2,0.67897,20,2.00E-05,0,3.17911,0,2.47229,93.63405,0.21453,57.63997,0.25318,0.14555,1978.6178,76.8109,110.89355,11.8138,0.0052
28,14305500,44.715,-123.887,394.80782,134.08575,4.13294,40.4,25,0.74041,17,0.9889,0,0.6606,0,8.86858,89.23192,0,42.65432,0.28874,0.26426,2465.03119,99.3899,143.46032,17.9552,0.00651
29,12143600,47.453,-121.718,879.63571,302.54879,9.40085,55.6,10.2,0.7522,20,0,0.22206,3.20892,0,2.47528,93.87697,0.21676,59.08571,0.22224,0.13265,2388.57476,87.70875,131.1334,13.7832,0.00556
30,01510000,42.541,-75.9,486.34176,45.40294,1.51514,36.6,30.4,3.9594,12,30.66439,0,32.23595,0,34.45882,1.64085,0,47.45066,0.56423,0.15657,1070.60316,46.9314,58.9332,11.7028,0.00639
31,14316700,43.35,-122.729,937.4198,212.69105,6.0764,47.55,22.35,0.63425,19,0.00058,0,0.18752,0,0.04611,99.76579,0,60.06776,0.4175,0.19681,1446.64063,58.29387,88.8141,12.2168,0.00602
32,06188000,44.928,-110.394,2498.00952,214.14856,6.70274,30.89,27.2,0.75435,19,1.75891,0,54.70072,0,1.83968,38.79893,2.90176,73.30509,0.58746,0.17411,721.21001,23.67979,32.24719,7.96168,0.00388
33,08200000,29.57,-99.247,497.97605,60.20445,1.40701,57.9,19.7,0.97556,16,2.93649,0,66.98417,0,2.67377,27.40557,0,38.87059,1.70044,0.31704,791.92559,61.1384,74.1696,19.8336,0.01009
34,06888500,39.063,-96.15,380.35477,24.84849,0.77464,32.52,29.4,4.84423,13,28.44168,0,68.78395,0,2.56251,0.21186,0,24.25399,0.9826,0.18271,921.87991,54.24544,73.5585,18.85556,0.00772
35,05508805,39.52,-91.343,218.23633,10.35297,0.29876,49.86667,25.13333,39.55834,12,63.01362,0,30.94917,0,5.32608,0.71112,0,9.35152,0.85167,0.20795,1020.8476,57.9217,74.67127,17.6488,0.00786
36,04185000,41.505,-84.43,263.9379,11.3313,0.21633,39.45,25.3875,45.85144,12,71.63394,0,26.27248,0,1.51506,0.20155,0.00197,49.54107,0.79726,0.14163,912.75527,45.72636,57.31519,14.21223,0.00701
37,02342933,32.018,-85.296,116.63314,17.39629,0.43682,50.8,25.4,1.99815,15,4.03253,0,19.17618,0,14.86609,61.9252,0,45.46707,0.87543,0.17771,1279.57927,73.9419,86.5006,18.3288,0.01064
38,02018000,37.666,-79.911,658.63165,155.53264,4.58253,46.85714,26.51429,0.8959,12,6.17686,0,19.49123,0,72.72441,1.6075,0,47.63702,0.71206,0.15287,1053.73025,54.18907,70.18663,12.63371,0.00756
39,02196000,33.729,-82.182,142.20503,14.74437,0.4113,52.69,24.86,1.44136,16,6.88809,0.04445,15.1599,0,10.24742,67.25237,0.00777,48.39419,0.93837,0.16734,1136.28052,56.26138,76.14254,16.44207,0.00989
40,02140991,35.834,-81.712,696.61736,177.85696,3.79309,48.2,27,0.86311,14,6.86252,0,24.02699,0,54.46904,14.64144,0,57.10454,0.58818,0.1849,1367.75544,62.95743,87.11843,16.54267,0.00846
41,05503800,39.585,-91.993,242.2875,8.04706,0.2082,56.1,24.5,49.99944,12,62.18973,0,30.94211,0,6.4666,0.40156,0,12.89091,0.87518,0.20475,999.23649,52.8759,73.3884,16.5101,0.00783
42,13337000,46.151,-115.587,1569.37397,245.68737,7.30956,55.6,10.6,0.63923,20,0.17684,0,10.32282,0,2.59585,86.73128,0.17321,67.67374,0.44827,0.18777,1206.55191,43.0524,65.0599,11.83961,0.00485
43,06404000,43.872,-103.337,1460.61392,92.98082,2.5467,43.8,27,0.83688,14,4.89426,0,48.11935,0,0.96172,46.02467,0,62.31126,1.24559,0.24534,542.85196,38.215,48.6128,12.5202,0.00473
44,03604000,35.496,-87.833,260.5445,21.64097,0.70422,48.5,27.5,1.1952,13,24.19199,0,32.88747,0,39.61356,3.16413,0,44.34354,0.69261,0.17901,1387.99027,72.59041,100.10834,20.24147,0.00943
45,02472000,31.707,-89.407,119.42057,13.81504,0.41614,36.26154,37.59231,10.02925,15,11.83456,0,20.04067,0,21.54226,46.5825,0,29.66733,0.73013,0.14249,1493.76322,79.30826,107.44826,20.086,0.01092
46,01664000,38.531,-77.814,250.21727,70.69852,1.99109,50.23636,26.2,1.056,12,19.01248,0.08077,44.61318,0,35.57707,0.7165,0,45.69381,0.7228,0.18958,1155.11173,61.44088,79.78488,17.0446,0.00772
47,03338780,40.265,-87.643,222.82716,7.23285,0.19527,31.6,30.4,49.99999,13,76.49042,0.35536,22.25902,0,0.84516,0.05003,0,33.87434,0.79697,0.14873,991.49187,47.60278,57.58738,15.71936,0.00755
48,13331500,45.62,-117.727,1647.18502,232.18551,7.47963,40.5,23,0.67654,19,0.9681,0,19.05093,0,0.53891,77.89032,1.55174,68.65566,0.52771,0.2162,1086.70183,45.36872,62.79176,15.16272,0.00439
49,02372250,31.596,-86.406,138.0172,13.34866,0.39005,48.5,31.35714,1.47601,15,7.98071,0,22.66407,0,13.5982,55.75702,0,39.0068,0.77552,0.16144,1408.68986,74.20897,98.38421,20.1732,0.01077
50,03504000,35.128,-83.619,1136.92398,157.68254,5.31145,54.4,24.2,0.68012,14,1.0609,0,5.28926,0,79.2822,14.36764,0,63.71006,0.4152,0.18231,1684.32405,78.4972,104.7909,16.0356,0.00785
51,02016000,37.792,-79.759,670.084,136.24239,3.83236,45.35,26.725,0.84823,12,3.73788,0,10.61634,0,83.0709,2.57488,0,41.36141,0.6911,0.15602,1057.12045,53.06229,69.09964,13.20685,0.00746
52,06332515,47.787,-102.769,707.59184,34.99935,1.1445,30.4,23.5,0.96805,15,22.26928,0,72.55775,0,3.55692,1.61605,0,18.39716,1.7443,0.23417,404.18842,30.9913,38.5943,12.372,0.00469
53,06934000,38.389,-91.82,347.32042,24.42049,0.6907,48.5,27.5,1.2545,13,24.14629,0.03353,45.30833,0,27.5585,2.95335,0,30.15739,0.75237,0.18851,1192.4313,62.63006,81.55539,18.42772,0.00848
54,11468500,39.428,-123.738,315.32505,106.43738,3.14935,33.7,39.2,1.56953,19,1.33867,0.14817,6.29611,0,0.50158,91.71546,0,29.706,0.65276,0.31333,1222.5048,78.38747,111.62633,14.62933,0.00691
55,12451000,48.33,-120.692,1509.61304,409.2786,13.66224,55.6,10.2,0.56135,18,0.04599,0,32.32253,0,1.26731,60.56496,4.59921,64.55683,0.30696,0.21721,1445.42916,67.5162,102.5104,12.222,0.00445
56,02350900,31.764,-84.253,141.57767,15.13711,0.47436,55,23.75,1.34896,14,22.2432,0,27.52089,0,14.17848,36.05743,0,58.36272,0.92001,0.17588,1225.91117,65.09615,86.51639,19.81595,0.01063
57,02246000,30.113,-81.906,21.5814,4.26962,0.13459,46,9.5,47.62816,16,5.41751,0,32.97298,0,5.94229,55.66722,0,32.46429,0.93082,0.16014,1326.55008,66.2418,84.784,19.5824,0.01264
58,08377900,35.777,-105.658,3068.89286,189.90589,6.43414,41.1,26.4,0.69004,20,0.00033,0,14.28651,0.00294,1.57549,83.9835,0.15125,64.23077,0.58351,0.27233,873.83203,44.0845,69.0586,19.2096,0.00355
59,01543500,41.317,-78.103,516.42081,67.51464,1.93808,40.2,28.2,0.82263,12,2.21985,0,5.04239,0,92.26608,0.47169,0,40.22879,0.60522,0.14075,1068.02894,44.16647,57.39009,11.90614,0.00678
60,06919500,37.834,-93.875,290.51583,12.58031,0.34361,46.5,32.1,1.5889,13,48.17197,0,39.12604,0,9.36163,3.34035,0,35.22727,0.76203,0.18115,1215.81262,63.33337,85.9836,18.60303,0.00853
61,07263295,34.876,-92.775,201.12335,64.00153,1.66054,50.22,25.64,1.42613,16,6.8294,0,18.89214,0,29.00837,43.06901,0.00108,21.10873,0.80387,0.19672,1292.35008,67.29082,91.74026,16.923,0.00961
62,13338500,46.086,-115.977,1396.7913,159.42552,4.3474,50.59167,15.64583,0.78643,18,12.49955,0,11.86627,0,0.37513,75.25107,0.00797,69.18694,0.72825,0.17592,842.63238,31.7089,44.8295,9.12968,0.00503
63,05525500,40.63,-87.724,218.11359,6.92664,0.16042,31.6,30.4,50,13,76.9892,0.03174,21.78614,0,1.15015,0.04278,0,34.22514,0.7872,0.14591,994.11337,49.4614,61.20246,16.32709,0.00748
64,09107000,38.86,-106.567,3306.15952,256.59791,5.9061,40.3,26.4,1.10284,18,0.7031,0,39.36376,0,2.81314,54.5791,2.5409,69.07099,0.59031,0.18127,611.2638,25.5167,33.167,9.03545,0.00342
65,02469800,31.744,-88.023,83.23353,19.97045,0.52348,50.8,25.4,1.3572,16,0.45293,0,7.8627,0,7.86838,83.816,0,35.03274,0.76002,0.14999,1448.22478,77.1691,98.3996,22.622,0.01098
66,12186000,48.169,-121.471,1092.38062,318.83443,11.77591,55.6,10.2,0.55853,20,1.00E-05,0,3.90831,0,1.5355,94.43631,0.11988,56.93525,0.16397,0.16902,2930.04615,111.8588,170.41545,18.0452,0.00516
67,09210500,42.096,-110.417,2446,156.80703,4.03955,44,22.85,0.84539,18,10.15094,0,73.60731,0,0.85859,14.83724,0.54592,71.35484,1.01101,0.25618,512.32817,25.2927,34.2393,10.7832,0.00362
68,01644000,39.02,-77.577,172.67761,50.18626,1.1362,44.1,31,1.16878,13,31.05275,0.13328,50.32797,0,17.45115,1.03484,0,38.17247,0.74471,0.18511,1127.21597,53.21428,73.7404,14.57224,0.00775
69,11284400,37.842,-120.185,900.3303,140.5408,4.01191,52.8,26.7,0.79368,18,0.26298,0,37.08786,1.00E-05,4.54312,57.106,2.00E-05,50.07317,1.03765,0.35877,956.04084,74.5485,104.10455,13.4602,0.00538
70,02064000,37.127,-78.96,201.31919,22.63718,0.59893,50.8,25.4,1.23645,14,19.63382,0,52.96063,0,19.26777,8.13778,0,53.86761,0.81342,0.18508,1116.06851,55.5341,78.39753,14.2032,0.0084
71,12375900,47.492,-114.027,1477.64433,208.69029,6.35787,40.1,25.8,10.29613,16,20.8201,0,31.58548,0,1.31965,43.8521,0.92267,76.51591,0.63548,0.23218,1035.8781,39.6795,53.42567,12.91087,0.0048
72,02096846,35.987,-79.206,200.52679,19.36998,0.47711,50.8,25.4,1.32535,14,19.15864,0.11109,46.40237,0,17.9226,16.4053,0,30.50893,0.8201,0.1645,1156.56539,60.88555,80.198,17.1059,0.00891
73,04043050,47.229,-88.385,299.37762,46.95638,1.02473,63.1,10,11.67893,16,0,0,10.06036,0,57.14347,29.79617,0,56.24648,0.63709,0.18052,831.66254,41.003,50.5024,11.6952,0.00534
74,08086290,32.648,-99.005,459.58084,23.04674,0.4849,51.68,26.32,1.38856,14,10.12857,0,86.48836,0,1.67251,1.70679,0.00377,6.70399,1.71997,0.25221,717.94684,51.05394,70.00364,16.75246,0.00876
75,07359610,34.383,-93.606,299.54592,62.11327,1.72195,50.8,25.4,1.05542,15,6.04584,0,25.75582,0,22.63751,45.56083,0,23.17758,0.6698,0.17396,1512.79326,75.6546,102.43493,19.0028,0.00964
76,03473000,36.652,-81.844,947.61905,165.37235,4.36514,48.2,27,0.85545,12,8.6265,0,25.63052,0,64.76244,0.98054,0,52.99793,0.60779,0.15019,1147.64504,44.32657,62.5143,12.56307,0.0077
77,02149000,35.423,-82.112,465.89349,102.21781,2.95659,48.2,27,0.89775,15,6.58367,0,21.27756,0,51.70461,20.43415,0,53.01754,0.66561,0.22234,1365.26094,68.8986,84.8896,13.9364,0.00887
78,07226500,35.438,-103.526,1657.58991,47.27971,1.03864,54.95758,17.57576,12.71283,13,3.79284,0,82.92669,1.27154,0.18916,0.26107,11.4981,31.79882,2.03628,0.20765,437.79369,32.96536,42.08027,13.2489,0.00521
79,01548500,41.522,-77.447,564.54095,69.82616,2.28858,38.53846,29.21538,1.00769,11,10.69642,0,20.76665,0,67.49893,1.038,0,37.8085,0.62669,0.16935,1004.25859,47.47816,60.34886,11.13471,0.0065
80,02472500,31.426,-89.415,111.38946,17.37188,0.43562,44.3,31.9,29.5892,15,11.35017,0,27.60516,0,17.10824,43.93644,0,36.01339,0.73284,0.13781,1504.09918,77.1298,107.1957,20.38256,0.01119
81,01411300,39.307,-74.821,15.88952,5.40152,0.13956,58.15,16.45,50,15,7.72411,0,16.67792,0,39.49242,36.10551,5.00E-05,68.85938,0.72229,0.14774,1131.22538,57.748,71.81842,17.33097,0.00814
82,07295000,31.227,-91.296,80.625,19.39834,0.50045,44.5,19.4,27.79284,15,5.17868,0,14.73037,0,31.7999,48.29106,0,29.14172,0.73012,0.15345,1591.85051,80.10093,113.5406,23.9467,0.01147
83,03471500,36.76,-81.631,901.37075,126.31518,3.22416,49.68571,26.08571,0.87026,12,13.80279,0.06348,33.73931,0,51.25401,1.14041,0,54.25445,0.63282,0.16023,1130.47213,48.28331,66.83836,13.3161,0.00775
84,07362100,33.376,-92.777,69.78624,12.55671,0.32896,44.3,31.9,3.33482,16,2.45258,0,5.85515,0,14.8624,76.82986,0,26.12309,0.8447,0.19212,1317.74461,73.13004,93.74,20.75246,0.01039
85,05408000,43.574,-90.643,346.47044,36.43651,1.21686,48.7,22.7,0.94651,13,32.61486,0,48.17984,0,17.04341,2.16189,0,63.53503,0.71956,0.16177,934.32086,49.63023,66.10973,17.7716,0.00643
86,02065500,37.079,-78.764,218.81212,22.21163,0.49402,50.8,25.4,1.24035,14,20.10407,0,55.61305,0,18.37076,5.91212,0,52.01212,0.79622,0.18306,1127.26411,54.1038,76.6524,13.6768,0.00833
87,01439500,41.088,-75.038,394.77991,38.83691,0.91303,39.46667,28.4,4.01786,12,0.75594,0,0.92871,0,95.33597,1.64605,0,47.3547,0.55184,0.184,1216.03345,62.05657,81.15407,14.34013,0.00678
88,14185900,44.54,-122.436,891.18919,217.28278,6.90587,49.3,18.2,0.697,18,0.33608,0,0.98941,0,1.6362,96.37164,0,54.6509,0.26066,0.20562,2253.27582,85.0637,124.5029,16.06747,0.00588
89,02137727,35.686,-82.06,624.48383,161.6177,3.89231,48.2,27,0.87005,15,6.58319,0,21.27705,0,51.70672,20.43303,0,55.23735,0.63923,0.22351,1331.02854,62.05677,83.16577,14.66487,0.00868
90,08025500,31.307,-93.516,87.21429,13.91029,0.39145,50.1,27.8,1.48335,16,3.35075,0,18.82255,0,17.03346,60.79324,0,19.51497,0.85519,0.17448,1383.80029,79.6196,106.9184,25.664,0.01136
91,02415000,33.067,-85.879,290.45588,31.09293,0.82966,48.5,26.05,1.19074,15,7.39561,0,25.76365,0,25.22441,41.61633,0,51.6679,0.74318,0.17596,1381.85123,68.92135,90.8156,19.137,0.00991
92,07056000,35.983,-92.748,448.20175,83.98355,2.55635,52.7,25.4,0.87512,12,6.4793,0,17.89978,0,74.22497,1.39594,0,28.84375,0.79403,0.19147,1183.65084,65.67372,83.38786,18.27524,0.00888
93,06339100,47.236,-102.77,774.19728,22.56265,0.5729,40.46667,20.86667,1.1831,13,28.24916,0,69.09672,0,2.07189,0.58224,0,15.58262,1.8298,0.25365,384.47674,30.9492,38.40817,11.57037,0.00468
94,09065500,39.626,-106.278,3256.0211,252.95082,7.37274,40.3,26.4,0.71353,20,1.08355,0,38.74153,0,3.89469,53.87083,2.4094,65.45342,0.52709,0.17182,692.78512,25.49267,33.83192,9.70358,0.0034
95,03281500,37.48,-83.675,360.62662,46.61168,1.40154,47.9,26.73333,0.80192,13,4.61255,0,15.2313,0,79.74859,0.40756,0,29.10452,0.69336,0.17168,1237.95022,50.15358,70.9042,12.4111,0.00871
96,01491000,38.997,-75.786,15.09317,2.21998,0.04133,43.8,25.5,50,12,49.94937,0,34.90296,0,13.1044,2.04327,0,54.53416,0.75157,0.15706,1125.47979,54.18265,72.5653,16.957,0.00821
97,01667500,38.35,-77.975,243.04587,72.99669,1.79265,51.25,25.25,1.09112,12,19.27801,0.02776,50.16691,0,28.7599,1.76741,0,46.60701,0.7389,0.18528,1156.60547,60.83086,79.03211,16.00219,0.00796
98,09430600,33.167,-108.65,2202.38095,261.33504,5.8752,34.8,33.8,1.04613,16,1.99764,0,34.40678,33.27533,3.90013,10.47191,15.94822,52.29412,1.41659,0.26778,561.97159,36.984,52.5402,14.9432,0.00451
99,12175500,48.673,-121.073,1730.31884,343.06862,13.84378,55.6,10.2,0.55344,19,0.02551,0,22.98651,0,0.63043,64.94088,5.41667,64.39568,0.21667,0.19926,1723.13363,76.8021,114.8224,13.7856,0.00411
100,08190500,29.473,-100.236,615.42787,28.53371,0.7592,57.9,19.7,1.23462,15,2.87491,0,87.59169,0,0.70912,8.80085,0.02343,43.41315,2.16198,0.41776,638.51859,55.50421,69.87162,23.00535,0.00936
101,02177000,34.814,-83.306,656.49225,116.73058,2.89202,48.2,27,0.8795,15,3.23398,0,14.43245,0,30.70863,51.62494,0,67.53452,0.50073,0.20111,1733.16892,78.44433,102.60417,17.782,0.00885
102,02074500,36.62,-79.504,246.07485,20.96906,0.68611,50.8,25.4,1.20364,13,22.7494,0,54.02528,0,17.57775,5.64757,0,51.64583,0.7832,0.18088,1165.43081,60.4702,81.1492,15.4604,0.00855
103,06352000,46.154,-102.474,854.31152,16.26518,0.40745,48.81667,19.2,1.35533,13,50.57118,0,48.45252,0,0.93828,0.03709,0.00093,18.47809,1.85364,0.26111,392.26199,33.74575,43.35839,11.44778,0.0048
104,14301000,45.704,-123.755,377.11302,107.87536,3.06994,38.85385,28.27692,0.87351,19,1.04697,0,2.88818,0,7.67736,87.84749,0.00153,49.44219,0.35789,0.21156,1883.51782,76.89354,115.96042,13.02895,0.00643
105,09430500,33.061,-108.537,2260.72606,111.98274,2.7791,38.82759,29.27586,2.90455,18,0.88486,0,36.26909,35.39458,3.68703,21.55084,2.21359,54.165,1.64403,0.22977,458.73872,30.20041,42.24316,11.6585,0.00445
106,02381600,34.57,-84.469,505.69231,91.95572,2.06784,48.2,27,1.00757,15,2.33742,0,17.49464,0,52.72903,27.43891,0,64.4497,0.63231,0.19845,1458.37478,64.7733,87.264,15.8672,0.00916
107,07180500,38.196,-96.825,428.56558,11.00686,0.31711,32.8,28.8,1.49814,12,38.58177,0,60.6311,0,0.74771,0.03941,0,24.78788,1.08049,0.20603,892.48904,54.9591,72.007,19.55815,0.00789
108,03026500,41.631,-78.577,607.59699,50.53613,1.55373,40.2,28.2,0.93779,11,2.83255,0,5.59019,0,89.54519,1.03207,0,42.02778,0.55003,0.13402,1121.8769,48.75777,56.768,12.29707,0.0066
109,02481510,30.484,-89.274,65.55298,12.9141,0.38556,44.3,31.9,32.66164,15,5.7515,0,29.53303,0,6.68814,58.02732,1.00E-05,37.1976,0.72635,0.14881,1593.3208,81.84225,111.89922,24.63808,0.01197
110,06892000,39.116,-95.011,316.05156,16.28522,0.47606,31.4,31.8,29.02857,13,56.83194,0.05559,39.03999,0,3.07731,0.99517,0,20.0122,0.91998,0.1963,977.86978,56.85235,77.86556,18.12127,0.00779
111,02479560,30.809,-88.459,63.27307,13.66606,0.40544,50.2375,27.9875,28.53048,16,2.64156,0,20.02236,0,5.81505,71.52104,0,38.00524,0.7248,0.15747,1563.92637,81.86128,110.51241,23.17205,0.01151
112,06452000,43.748,-99.556,865.86501,30.38816,0.71736,50.76413,18.22391,10.34075,12,20.09513,0.00483,76.95313,0,0.6536,0.5975,1.5382,58.75716,1.6972,0.22479,484.45139,34.99699,46.20051,12.47331,0.00551
113,12092000,46.904,-122.035,1171.7305,268.0653,8.81219,33.7,39.2,0.68301,20,0.00178,0,6.76916,0,2.36592,87.30997,3.55318,60.18881,0.25635,0.17874,1901.33021,79.1344,111.2412,12.0512,0.00514
114,01669520,37.634,-76.696,27.29376,5.02796,0.10971,45.9,29.8,38.93901,15,15.5326,0,29.2141,0,30.88077,23.70585,0,52.79604,0.78059,0.1656,1146.83828,59.5711,71.33097,19.502,0.0088
115,14400000,42.123,-124.187,613.30215,206.13848,6.41738,33.7,39.2,0.67773,17,0.1509,0,5.86532,0,0.40498,93.54764,0.03117,43.22129,0.25179,0.2656,2734.05279,128.276,198.15744,20.52784,0.00627
116,12390700,47.586,-115.355,1337.90168,210.90478,7.04644,55.6,10.6,0.80815,20,0.71225,0,4.68729,0,0.06402,94.53437,0.00207,69.07194,0.5388,0.19574,1037.53977,40.42833,57.1394,10.02333,0.00489
117,07068000,36.622,-90.848,295.45712,26.46704,0.7637,48.5,27.5,1.20129,12,9.41528,0.00635,20.55227,0,68.13423,1.89187,0,44.41971,0.77238,0.20847,1204.14871,61.05883,81.62924,17.81944,0.00873
118,14216500,46.076,-121.999,953.4719,187.31991,6.53672,55.6,10.2,0.77515,20,0.40248,0,8.84026,0,1.94744,86.4334,1.70976,69.31048,0.24443,0.20358,2227.68485,90.16223,137.0281,14.42633,0.00552
119,08178880,29.724,-99.07,543.16168,48.84622,1.29477,57.9,19.7,1.07266,15,4.36328,0,72.45767,0,2.30447,20.86979,0.00479,50.05222,1.65673,0.30589,791.22447,61.7956,77.96106,20.01216,0.01
120,03285000,37.642,-84.661,309.46466,27.34573,0.69794,44.28,29.58,1.24974,13,42.94201,0.17773,43.93018,0,12.60353,0.34655,0,21.88983,0.69643,0.16076,1238.31888,54.90474,77.76298,13.51316,0.00872
121,07197000,35.921,-94.839,357.92366,35.7092,1.11225,46.5,32.1,1.1794,14,27.21029,0,57.91757,0,13.31227,1.55987,0,37.04603,0.79819,0.19799,1233.23256,71.70292,94.46987,19.38327,0.00901
122,06441500,44.327,-100.384,677.43757,24.00845,0.64036,57.0931,16.71552,9.55602,13,21.83991,0.00383,76.13828,0,0.96567,0.27561,0.70774,42.62536,1.84656,0.24921,452.85954,33.75053,44.779,11.88968,0.00549
123,06037500,44.657,-111.068,2402.61253,90.10268,2.32975,40.1,25.8,1.15401,18,1.63982,0,39.87837,0,2.18917,55.64087,0.27676,81.94688,0.47123,0.16749,957.65152,31.97469,45.72244,9.54823,0.00395
124,02014000,37.729,-80.042,712.1731,149.46225,4.72684,46.2,26.7,0.83619,12,5.25827,0,17.28791,0,76.57409,0.87973,0,45.74469,0.71467,0.14578,1019.17662,49.9813,67.28865,11.674,0.00742
125,12035000,47.001,-123.495,201.09087,77.62343,1.75994,44.08333,24.83333,7.80774,18,2.47358,0,3.09761,0,3.53165,90.56383,0,50.89326,0.28404,0.17506,2336.53596,86.05342,131.40918,14.6856,0.00656
126,02298123,27.052,-81.785,18.8624,2.30045,0.03916,37.06667,18.3,50,12,40.06292,0,40.30187,0.44983,4.6965,14.48888,0,43.30392,1.22254,0.2467,1200.20281,56.3199,69.54033,16.4616,0.01389
127,04221000,42.122,-77.957,616.98461,68.28154,2.28513,36.6,30.4,3.07329,12,20.01232,0,34.16225,0,44.49317,1.33226,0,36.036,0.59671,0.13839,1001.78767,46.9012,60.049,11.96852,0.00638
128,09497800,33.843,-110.558,1762.4456,123.80565,3.01032,34.8,33.8,0.8251,17,2.898,0,34.83747,36.32086,0.52277,23.81084,1.61005,36.81434,1.76496,0.24768,495.32896,35.23013,48.13795,11.61205,0.00509
129,01606500,38.991,-79.176,874.97,155.94234,4.71113,44.16,26.76,0.7354,12,4.30134,0,13.65756,0,80.65465,1.38645,0,38.59603,0.61993,0.16218,1064.03686,46.78096,59.072,11.73042,0.00698
130,01487000,38.728,-75.562,14.53416,2.44638,0.04531,43.8,25.5,50,12,50.93776,0,35.86096,0,10.29521,2.90607,0,61.49689,0.75281,0.14741,1128.31384,57.2485,80.1818,17.8048,0.00843
131,14303200,45.324,-123.547,478.68707,132.01583,4.02181,40.4,25,0.76858,18,1.88366,0,0.26313,0,13.15986,84.69334,0,47.34694,0.25796,0.21875,2367.78267,98.1328,152.1203,14.7331,0.00621
132,09066200,39.648,-106.323,3312.45963,313.29589,8.05332,40.3,26.4,0.59292,20,1.71873,0,36.21697,0,4.86305,55.42652,1.77474,61.93168,0.53516,0.17827,674.81031,25.311,34.2548,9.4061,0.00337
133,11528700,40.65,-123.494,1105.70754,208.25892,5.99389,50,24.9,0.73356,19,0.164,0,4.13776,0.01,0.10532,95.42908,0,46.83721,0.65062,0.32507,1200.09807,73.60655,103.73866,12.2964,0.00513
134,02464146,33.413,-87.511,123.86391,19.76576,0.60854,46.2,26.7,1.18075,16,7.14197,0,16.34877,0.03532,26.45074,45.51801,0.00519,35.16071,0.77161,0.17001,1380.16235,74.93645,95.1293,19.60895,0.01038
135,05514500,39.009,-90.978,221.92449,12.37685,0.33441,47.91875,25.33125,28.82554,13,51.96572,0.02777,36.38208,0,10.44867,1.17575,0,11.21845,0.83833,0.20253,1045.45706,56.86508,73.6889,15.97142,0.00799
136,02361000,31.343,-85.61,115.60015,15.8403,0.47966,54.6,24.16667,1.39287,15,15.85572,0,28.51175,0,17.05443,38.5781,0,48.79425,0.8738,0.17243,1308.57982,73.4151,94.93866,19.86856,0.01095
137,09035800,39.801,-106.026,3182.39752,227.68373,7.95091,40.3,26.4,0.67675,20,2.68748,0,39.04879,0,2.28004,55.69222,0.29147,64.54037,0.53307,0.16673,722.87566,26.7487,35.0182,9.9254,0.00346
138,07151500,37.129,-97.601,471.28947,12.40392,0.26973,40.55,23.53333,44.03945,12,56.32982,0,41.99136,0,1.57444,0.09548,0.00891,38.06368,1.25252,0.19579,807.63086,56.30806,73.13652,19.81191,0.00779
139,02111500,36.175,-81.169,530.02712,103.20785,2.453,49.5,26.2,0.97048,14,11.74952,0,43.98149,0,39.00932,5.25967,0,64.54464,0.65356,0.19227,1305.40614,66.67495,89.40325,15.9672,0.00856
140,06453600,42.811,-98.176,572.49206,23.14732,0.67955,53.375,18.625,17.46921,12,41.14923,0,55.7435,0,1.85367,0.57059,0.05801,56.79106,1.28081,0.22727,637.5696,43.34347,55.02424,15.67999,0.00612
141,01543000,41.413,-78.197,522.93526,68.67362,2.08308,40.2,28.2,0.77048,11,0.84226,0,0.76677,0,98.35148,0.0395,0,39.3125,0.59187,0.1366,1079.78521,45.69937,58.60835,11.5236,0.00671
142,07014500,38.159,-91.108,321.14249,22.12657,0.65836,48.5,27.5,1.37132,12,12.54864,0.02666,33.68428,0,52.08103,1.65939,0,26.51025,0.78043,0.18958,1142.74813,57.06758,74.7986,17.54834,0.00842
143,01586610,39.452,-76.955,201.72737,25.43118,0.68207,47.625,27.325,1.16183,12,43.17741,1.13886,40.58258,0,11.89743,2.20371,0,59.69861,0.72257,0.20013,1113.88825,58.22743,74.68528,15.28533,0.00753
144,06447000,43.753,-101.525,993.92146,33.52614,0.79337,44.53478,19.73913,7.23367,13,12.93785,0.00966,82.5537,0,0.60759,0.9278,2.94166,59.72167,1.7951,0.2249,455.22928,32.53766,43.28152,11.68365,0.00536
145,03291780,38.878,-85.257,251.90989,23.57851,0.70867,30.5,36.7,20.01234,15,29.63267,0,41.32595,0,28.48616,0.55522,0,15.58896,0.68201,0.15194,1215.4668,55.47253,76.20593,17.71277,0.00823
146,13023000,43.143,-110.977,2492.83588,227.14156,6.37212,39.25,26.96667,0.68066,20,4.3721,0,51.699,0,1.40106,41.8753,0.65254,76.11828,0.50263,0.20644,928.16114,32.89987,45.99432,12.35485,0.00381
147,08164000,28.96,-96.686,81.55676,11.35137,0.30185,37.55385,38.13077,37.89864,12,24.88781,0,62.27912,5.14533,1.53098,6.15527,0.00149,16.89912,1.43804,0.2608,941.28388,62.25143,84.27764,22.41378,0.01196
148,06468250,47.4,-98.798,502.36564,8.5043,0.18982,17.15,33.1,48.56047,13,66.33131,0,30.57702,0,0.88001,1.64744,0.01876,24.70302,1.38431,0.25169,495.9973,37.45801,48.09357,14.23928,0.00493
149,12411000,47.706,-115.979,1186.57351,149.25831,4.89921,55.6,10.6,0.64296,20,0.00024,0,0.1003,0,1.56274,98.33672,0,65.69524,0.49375,0.17353,1145.07897,39.5528,57.00487,13.03703,0.00497
150,05057200,47.229,-98.125,451.97156,5.7263,0.14849,17.3,33.1,49.66808,14,67.75295,0,28.74403,0,1.45652,1.42578,0.0493,24.41699,1.34708,0.22025,503.83049,35.89898,49.10651,14.22043,0.00505
151,11522500,41.378,-123.478,1333.42684,315.85623,9.31329,48.74615,26,0.57369,20,0.15509,0,3.18055,0,0.03839,96.48824,0.13773,58.59549,0.51317,0.30505,1297.79562,77.33248,112.51421,12.49645,0.00513
152,05593900,39.149,-89.352,201.5,7.04396,0.19366,42.35,27.85,50,13,70.782,0,25.75053,0,3.40841,0.05906,0,14.75579,0.82023,0.15569,1041.82886,53.34445,69.5622,16.5292,0.00797
153,07292500,31.325,-91.109,107.22257,17.78435,0.48611,41.5,22.6,26.01591,15,5.15576,0,12.48448,0,29.98281,52.37695,0,31.63486,0.73299,0.14358,1539.58596,79.16169,107.61263,21.62325,0.01128
154,12383500,47.147,-113.974,1736.68662,286.40405,7.51902,42.5,24,0.60856,20,0.21075,0,11.07041,0,0.19246,88.48411,0.04227,76.35563,0.46582,0.16237,1050.9333,44.96165,57.83805,13.6472,0.0044
155,06224000,43.177,-109.203,3101.97428,256.95182,7.2866,30.95,27.2,0.69131,18,0.90712,0,54.45564,0,0.64443,34.10378,9.88903,64.41935,0.52888,0.22603,712.8741,36.34975,52.6542,11.9288,0.00286
156,05507600,39.431,-91.676,228.24375,5.30884,0.13344,56.1,24.5,50,12,66.2698,0,29.38741,0,3.65468,0.68811,0,8,0.86309,0.20615,1014.14068,60.5905,74.9282,17.4436,0.00793
157,12189500,48.425,-121.568,1125.26619,340.95288,11.61889,53.13846,13.58462,0.6488,20,0.07773,0,12.21981,0,1.93336,81.52174,2.7089,59.22624,0.18851,0.19745,2681.23605,104.15301,158.07658,16.82711,0.0051
158,04197100,41.022,-83.11,292.92258,8.52651,0.1725,41.1,24.5,50,12,73.37106,0,25.15971,0,1.38238,0.08686,0,20.63924,0.75511,0.15691,990.32146,40.6481,54.0621,12.3377,0.00727
159,03237500,38.804,-83.421,274.28442,20.26009,0.61402,41.8,24,4.17185,13,31.67723,0,47.53765,0,20.1495,0.63562,0,22.58974,0.75679,0.15066,1070.8355,46.05696,61.61893,12.25564,0.00807
160,07315700,34.004,-97.567,286.86826,13.14258,0.35162,46.6625,23.2,5.56333,12,26.62924,0,70.99662,0,1.28461,1.08865,0.00088,19.68709,1.24016,0.20479,922.69913,65.83475,88.17541,20.85346,0.00895
161,06878000,39.031,-97.04,397.61334,14.96969,0.41684,36.82,25.62,1.48769,12,47.11298,0,52.35169,0,0.47722,0.05811,0,25.67485,1.12178,0.19069,832.16997,52.70314,67.83424,19.2043,0.00743
162,07196900,35.88,-94.487,405.57831,38.86331,1.18216,46.5,32.1,1.10464,13,24.04277,0,52.22581,0,22.36394,1.36749,0,37.07429,0.77746,0.19308,1236.8747,70.8156,95.1163,18.5548,0.0089
163,13310700,44.987,-115.725,1902.84897,271.64121,7.71629,55.6,10.6,0.65818,20,0.44575,0,23.87465,0,0.25216,74.89912,0.195,68.47174,0.55569,0.23042,926.03549,37.90027,55.2008,9.4994,0.00432
164,01634500,39.081,-78.329,372.51852,146.06637,4.01301,46.2,26.7,1.01568,14,14.80842,0,35.3222,0,48.94884,0.92054,0,42.98758,0.80578,0.18124,971.84837,47.8295,66.3822,12.616,0.00728
165,06847900,39.77,-100.101,835.96076,14.44653,0.37027,48.40909,19.22727,41.28629,11,53.16566,0,46.80387,0,0.00605,0,0.02442,35.32699,1.60706,0.19128,563.98273,39.67026,52.26073,14.35905,0.00645
166,02051000,36.997,-78.35,152.56364,14.22534,0.28193,50.8,25.4,1.26477,15,10.80714,0,38.49105,0,30.82929,19.87252,0,42.20659,0.81714,0.16996,1118.50063,55.7531,73.6392,17.6908,0.00853
167,01054200,44.39,-70.98,487.22973,174.64938,5.56796,58.1,12.1,0.88056,16,1.38183,0,3.99278,0,66.39872,27.72667,0,47.68243,0.39708,0.16016,1412.18356,60.4988,86.21945,12.9154,0.00573
168,03069500,39.123,-79.681,973.8244,124.12134,3.69271,46.2,26.7,0.8396,13,4.20634,0,7.08284,0,87.13451,1.57631,0,36.73112,0.48003,0.16588,1307.44891,49.63771,63.97211,13.14684,0.00685
169,12040500,47.538,-124.316,376.92881,165.7459,5.32391,44,23.1,2.74061,19,0,0,0.16111,0,1.68548,98.14353,0.00986,50.85302,0.18029,0.16884,3326.08338,117.74645,176.86896,21.94166,0.0062
170,06906800,38.702,-92.979,274.62377,16.18717,0.47242,47.24,28.26,2.2523,13,42.71994,0.13333,41.72567,0,13.43796,1.9802,0.0029,15.90453,0.83382,0.18139,1070.87944,61.55515,82.96853,18.21228,0.00819
171,03049000,40.716,-79.699,376.19465,32.87483,1.06188,52.2,25.2,1.00657,14,20.90779,0,41.58033,0,37.01518,0.49671,0,35.92405,0.67637,0.15402,1041.68765,42.4175,53.6482,12.77065,0.00718
172,14306340,44.248,-123.636,341.75109,131.91409,3.74977,38.725,28.55,0.68058,18,1.36353,0,2.82937,0,6.20134,89.35576,0,43.33893,0.33415,0.21757,1946.56735,78.47267,122.9574,12.4504,0.00665
173,03070500,39.616,-79.705,585.72187,52.83404,1.22669,42.8,26.8,1.02029,14,13.12056,0,35.04874,0,51.64324,0.18747,0,34.91563,0.5852,0.14942,1218.95311,45.8828,60.03885,13.2338,0.00744
174,06431500,44.482,-103.862,1889.69551,85.08197,2.09593,43.8,27,0.83275,19,3.01982,0,20.69878,0,2.8868,73.36858,0.02602,77.4702,0.73996,0.21277,753.97508,40.10155,55.31265,14.46205,0.00434
175,01055000,44.643,-70.589,536.94579,136.44152,4.41192,54.9,14.15,1.97439,16,1.22166,0,2.96636,0,63.82866,31.48331,0,46.67618,0.45246,0.1561,1182.22741,52.0536,69.7367,11.2312,0.00556
176,07145700,37.25,-97.404,400.83523,7.74818,0.16215,39.5,23.5,49.83878,12,66.79855,0.33343,29.67698,0,2.91494,0.27609,0,32.76163,1.15165,0.21055,872.66903,59.9171,71.50855,20.59825,0.008
177,09223000,42.11,-110.71,2624.68506,152.52247,3.56848,40.1,25.8,0.6828,19,6.13766,0,67.22043,0,0.88289,25.44673,0.31229,73.26452,0.62847,0.24127,762.28849,32.63115,43.6561,15.5184,0.0035
178,02408540,32.917,-86.27,253.15574,40.6798,1.16676,48.04,26.18,1.1982,15,9.14961,0,20.5413,0,32.25612,38.05297,0,48.53848,0.76943,0.17911,1354.75174,68.21344,88.55138,20.0668,0.01002
179,03280700,37.165,-83.308,476.04491,74.18705,2.06017,46.2,26.7,0.69141,13,1.52873,0,10.25275,0,88.06433,0.14958,0.00462,32.55917,0.70191,0.16786,1190.24438,50.477,67.0784,12.7736,0.0085
180,01613050,39.898,-78.132,414.8642,137.55875,4.1335,42.8,26.8,1.08868,14,19.96863,0,39.59873,0,38.13484,2.29781,0,36.76101,0.71982,0.2028,1017.90683,46.6088,61.603,11.3728,0.00705
181,07315200,33.813,-98.085,300.20719,13.43653,0.34865,49.3,18.8,1.48553,12,19.81717,0,78.08265,0,1.13635,0.96383,0,6.4014,1.45707,0.21578,819.09651,59.65724,77.39802,18.95062,0.00884
182,02059500,37.173,-79.52,329.78937,64.41794,1.88585,51.7,25.1,1.1001,14,17.34149,0,50.90359,0,28.17146,3.58347,0,53.67306,0.77583,0.18673,1130.66605,62.06047,82.9201,14.5544,0.00818
183,09352900,37.478,-107.544,3529.20732,298.5416,9.77542,40.3,26.4,0.57475,18,0.05916,0,55.75905,0,3.47264,34.53251,6.17663,63.91867,0.35957,0.20023,964.02826,47.37385,64.13815,14.4112,0.00323
184,02027000,37.715,-78.982,489.50351,196.58136,4.9678,52.6,24.8,0.74864,13,5.12424,0,21.10599,0,72.18975,1.58001,0,51.92309,0.67583,0.2042,1207.46698,64.11805,86.1207,17.5642,0.00759
185,06917000,38.019,-94.714,312.69292,16.04059,0.43758,42.81429,28.81429,1.44784,13,50.42563,0,43.06833,0,5.18426,1.32178,0,12.37979,0.82585,0.18611,1109.35265,67.30534,87.10996,20.78391,0.00829
186,05495000,40.392,-91.598,225.79245,10.25458,0.34836,36.86667,26.9,38.56928,13,53.50184,0,36.70301,0,8.2934,1.50175,0,18.19872,0.84795,0.21499,986.4451,54.21165,72.66043,17.2968,0.00745
187,06876700,39.139,-97.837,450.5034,18.42782,0.4983,38.38333,24.38333,9.92749,12,54.44166,0,45.23668,0,0.29805,0.01176,0.01185,22.23232,1.29753,0.21278,734.94355,48.01522,62.20698,16.2775,0.00727
188,11480390,40.284,-123.335,1190.96855,159.89029,4.60144,50,24.9,0.66793,20,0,0,6.99111,0,0.17556,92.83334,0,33.84375,0.51091,0.34584,1442.34495,92.4806,121.7678,13.936,0.0051
189,02082950,36.183,-77.876,87.48521,9.65794,0.2766,50.8,25.4,1.33996,15,15.05373,0,33.46457,0,25.90113,24.58057,0,39.89134,0.81393,0.15033,1169.77908,56.8259,73.88085,17.2692,0.00913
190,06289000,45.007,-107.615,2505.11824,183.26287,5.41526,40.1,25.8,0.73322,19,6.92136,0,49.44656,0,2.12452,39.97088,1.53668,71.68069,0.61632,0.16785,709.28427,34.12075,44.21015,12.09978,0.00345
191,08158700,30.083,-98.008,363.4491,27.97577,0.84563,57.9,19.7,1.26991,15,4.40109,0,85.54975,0.04536,1.35269,8.65111,0,37.93713,1.59385,0.26934,820.12464,63.5949,82.69655,21.2756,0.0104
192,01423000,42.166,-75.14,593.4205,84.65344,2.7703,37.675,29.65,2.13568,11,19.40401,0,18.00703,0,61.89662,0.69234,0,42.40035,0.52155,0.1527,1134.0638,52.63468,65.8331,12.9942,0.00634
193,11451100,39.165,-122.62,903.9375,217.67433,7.56617,33,32.4,0.69032,18,2.02702,0,46.6117,0.40643,1.92358,48.98775,0.04351,41.74691,1.20184,0.37273,745.62291,52.9834,76.5664,9.84,0.00516
194,01518862,41.923,-77.532,601.28387,73.78861,2.28293,36.6,30.4,2.6716,11,13.78729,0,30.60273,0,54.3935,1.21648,0,35.59297,0.6179,0.15404,989.97196,48.02615,60.8899,11.4792,0.00641
195,02464360,33.425,-87.643,107.52381,16.23887,0.5385,48.5,27.5,1.23723,15,11.53655,0,23.28359,0,24.78356,39.39629,0,38.5503,0.7627,0.17275,1403.02562,70.7396,95.6275,18.8952,0.01041
196,04216418,42.864,-78.284,456.38793,59.70307,1.72561,37.8,29.8,8.25453,13,37.10113,0,39.07356,0,21.16441,2.6609,0,36.3533,0.58391,0.11185,1063.24258,41.5254,53.96755,11.2458,0.00638
197,05444000,41.903,-89.696,249.01603,17.68941,0.43634,35.1,28,25.88601,12,75.1147,0,23.49851,0,1.35082,0.03597,0,46.41987,0.77385,0.15934,961.17977,54.1074,70.0322,18.1082,0.00697
198,08175000,29.215,-97.449,110.20348,13.69217,0.33104,28.57778,44.66667,6.5301,12,20.41566,0,72.96226,0.9522,1.418,4.25188,0,24.26015,1.63364,0.27045,855.48966,58.32952,75.41279,22.12084,0.01159
199,01516500,41.791,-77.015,527.76709,69.22708,2.06244,36.6,30.4,3.09625,12,22.40957,0.14812,35.64642,0,39.82382,1.97207,0,35.25963,0.68187,0.17638,934.6546,46.9529,58.68057,12.28213,0.00653
200,02051500,36.717,-77.832,126.0745,15.63489,0.42925,50.8,25.4,1.30518,14,15.85192,0,39.48564,0,24.01227,20.65017,0,39.92717,0.82534,0.16166,1119.75957,54.81625,73.15069,16.55904,0.00874
201,03213700,37.673,-82.28,552.64464,82.36532,2.4385,46.81333,26.52667,0.70099,14,2.27791,0,8.71624,0,88.90227,0.10359,0,42.73196,0.76048,0.1698,1054.09026,40.92405,55.53354,11.97553,0.00819
202,07376000,30.504,-90.677,65.40851,9.28581,0.2655,41.5,22.6,45.3569,15,6.01509,0,24.12675,0,14.41273,55.44544,0,31.19866,0.71689,0.14602,1612.42532,83.49445,120.5728,22.5484,0.0119
203,03010655,41.962,-78.198,606.67304,77.75478,2.48093,36.6,30.4,0.81232,10,8.09131,0,17.02133,0,74.4441,0.44325,0,38.14957,0.5785,0.12686,1040.67259,44.92167,56.77753,12.01093,0.0065
204,06354000,46.376,-100.934,751.65416,22.15611,0.54328,45.02208,20.07792,1.41226,13,39.04972,0,59.62362,0,1.02758,0.29796,0.00112,18.38432,1.80974,0.24636,405.01556,34.35719,44.75935,12.47551,0.00489
205,07066000,37.154,-91.358,340.79312,24.98974,0.70104,48.5,27.5,1.20269,12,13.14754,0,31.89031,0,52.15072,2.81143,0,45.2569,0.75121,0.21388,1220.62468,62.94501,82.23056,19.21311,0.00866
206,01078000,43.566,-71.748,350.7953,97.11733,2.59948,58.1,12.1,3.20739,17,0.65075,0,3.19285,0,79.53921,15.61718,0,54.55298,0.53123,0.17171,1139.17474,52.20075,69.55425,13.5974,0.00611
207,06406000,43.828,-103.196,1348.31514,86.51275,2.13326,43.8,27,0.90503,14,4.89422,0,48.1235,0,0.96178,46.0205,0,59.46213,1.38936,0.24347,515.55317,36.01557,46.4525,11.87585,0.00486
208,03439000,35.143,-82.825,1018.17059,133.53689,3.52511,48.2,27,0.82156,15,1.70819,0,7.82101,0,47.23522,43.23558,0,62.21765,0.35533,0.21024,2056.25562,91.6808,120.6628,21.1007,0.00808
209,13011500,43.85,-110.518,2485.73437,150.41543,4.61745,37.55,29.3,1.27525,19,1.2154,0,54.04913,0,0.80839,43.89129,0.0358,73.86546,0.50545,0.18466,858.76691,30.5561,43.61195,9.513,0.00392
210,11162500,37.261,-122.329,422.08485,178.36892,4.81155,33,32.4,1.82845,18,3.44844,0.44422,34.72757,0.15982,5.67099,55.44465,0.10431,29.1697,1.04455,0.35424,811.05512,65.8357,95.5359,13.3432,0.00644
211,03187500,38.295,-80.526,948.30488,105.19985,3.4239,46.2,26.7,0.7384,14,0.10331,0,0.18314,0,98.00299,1.71056,0,33.19632,0.47305,0.15553,1368.90411,47.8234,67.0192,13.756,0.00729
212,11473900,39.706,-123.325,1093.27574,251.12807,7.24835,40.72727,28.99091,1.42698,20,2.11978,0,20.31559,0,1.64842,75.91621,0,32.80006,0.62744,0.36615,1316.20358,84.1542,119.92241,15.63087,0.00512
213,07299670,34.355,-99.74,508.46008,16.30287,0.35056,49.3,18.8,1.58814,12,26.56409,0,70.50242,0.52978,1.04937,0.31426,1.04007,27.39682,1.94387,0.22769,615.20305,51.53428,68.21707,15.86127,0.00791
214,01350000,42.32,-74.437,635.86295,148.45673,4.65354,40.04,28,1.66146,11,5.72332,0,6.7383,0,84.57334,2.56504,0,39.86892,0.46512,0.18588,1260.17822,65.19252,84.95288,15.81718,0.00609
215,08082700,33.329,-99.465,440.14371,12.63422,0.29027,49.3,18.8,1.83078,11,65.5358,0,34.01086,0,0.17323,0.04167,0.23844,10.50588,1.93905,0.2377,653.51579,51.1151,62.237,16.7072,0.00828
216,01542810,41.579,-78.293,564.49022,65.84531,2.16301,38.4,29.3,0.80137,11,0.63006,0,0.31011,0,99.03851,0.02133,0,39.26282,0.57973,0.13008,1077.61014,47.84835,58.2379,11.275,0.00663
217,07208500,36.372,-104.97,2567.81081,171.01094,4.07645,41.1,26.4,0.99837,17,3.44976,0,49.81286,0.04413,4.70483,40.66297,1.32544,55.73929,1.23213,0.19392,501.50688,29.55863,37.58197,12.83973,0.00414
218,12010000,46.374,-123.743,221.52448,101.32626,2.47758,40.4,25,1.35166,19,0.16394,0,2.36165,0,11.85888,85.61553,0,43.9375,0.27656,0.25435,2341.02991,87.9883,129.8184,14.9408,0.00675
219,02028500,37.87,-78.823,448.72886,139.45622,4.11903,52.6,24.8,0.86987,13,5.02031,0,23.18709,0,70.68219,1.11041,0,52.11656,0.70511,0.20534,1161.09305,68.2612,87.15565,16.2216,0.00767
220,08103900,30.912,-98.037,373.66068,26.03501,0.65101,49.76667,27.23333,1.38081,14,5.00791,0,88.36813,0,2.51511,4.0892,0.01965,35.54491,1.60298,0.22792,781.66298,57.2837,73.55863,19.66093,0.00995
221,04024430,46.633,-92.094,319.53906,26.86919,0.49597,45.2,20,35.35528,15,5.08383,0,25.41123,0,53.48778,15.75942,0.00774,49.89742,0.75688,0.14953,800.27821,47.24669,63.01493,15.70336,0.00578
222,06339500,47.154,-102.06,696.63878,24.24749,0.64193,48.14783,19.06957,1.39069,13,34.24379,0,63.69131,0,1.91695,0.14795,0,16.00858,1.7292,0.23873,410.84333,33.8018,44.27387,13.11582,0.0048
223,05488200,41.301,-93.045,276.73885,11.15854,0.36249,33.7,29.3,28.04975,13,48.95287,0,40.59349,0,8.7374,1.71625,0,19.16463,0.87626,0.21783,930.47521,51.3584,70.325,17.8392,0.00723
224,02015700,38.195,-79.57,781.68694,134.50986,3.88173,43.93333,26.76667,0.82871,12,4.09114,0,11.13935,0,82.33018,2.43934,0,40.84865,0.66597,0.16048,1043.31699,51.3668,64.99207,12.81107,0.00723
225,07071500,36.649,-91.201,288.16213,20.02111,0.55185,48.5,27.5,1.33318,12,18.64484,0,35.29693,0,43.64847,2.40976,0,51.5869,0.76902,0.21419,1229.37278,60.72527,82.32264,18.20967,0.00882
226,04224775,42.536,-77.704,511.37255,74.95513,2.32534,36.6,30.4,3.44477,11,14.45654,0,22.0879,0,62.45954,0.99602,0,36.94194,0.64096,0.12327,945.78137,41.2326,54.754,10.588,0.00639
227,03173000,37.268,-80.71,799.20026,100.30003,3.29889,47.12,26.44,0.91606,12,8.36331,0,20.32931,0,68.77584,2.53154,0,46.56546,0.72084,0.14069,1000.16821,45.41712,58.51192,11.10248,0.0076
228,14137000,45.4,-122.137,1018.60317,194.25494,6.67432,49.3,18.2,0.75071,19,0.00151,0,0.05993,0,1.39117,97.88072,0,71.74376,0.30374,0.18565,1828.88472,70.3807,109.58097,12.71167,0.00543
229,01594950,39.277,-79.39,798.44721,58.90842,1.82013,46.2,26.7,1.0299,14,19.86299,0,30.83958,0,47.74543,1.552,0,39.26875,0.51731,0.15284,1278.72036,44.3062,58.854,11.898,0.00711
230,02198100,32.938,-81.815,72.47674,10.76515,0.31519,47.2,30.9,32.46394,14,16.28904,0,26.84636,0,12.90772,43.95688,0,65.65882,0.97471,0.1554,1143.13629,57.264,79.3458,18.6796,0.01056
231,01031500,45.175,-69.315,314.77877,63.96558,1.87599,51.7,16.2,5.83577,17,0.87474,0,1.97779,0,55.72097,38.2265,0,46.14069,0.47801,0.15572,1179.97746,53.52718,70.5502,11.92784,0.00569
232,06903400,40.952,-93.26,314.43737,11.61127,0.33252,34.2,29.4,38.68486,12,58.04149,0,35.87419,0,5.18554,0.89878,0,15.30081,0.8685,0.21786,942.20812,55.0486,70.03507,19.1028,0.00724
233,08086212,32.733,-99.141,483.30339,26.81171,0.58578,50.5,21.2,1.39995,15,7.21479,0,89.40784,0,2.27093,1.10379,0.00264,7.74614,1.71245,0.25498,720.2824,51.04986,71.04431,17.54373,0.00867
234,07346045,32.778,-94.357,106.0543,13.69184,0.41818,50.1,27.8,1.36617,15,14.84549,0,36.74229,0,11.61624,36.65161,0.00152,30.14457,0.95831,0.21792,1214.31565,65.80056,91.20247,19.38796,0.01035
235,06350000,46.427,-102.552,832.22358,23.74996,0.47834,48.24545,19.67273,1.35663,13,52.03819,0,46.85067,0,1.07312,0.03293,0.00508,17.53053,1.85741,0.2505,387.36279,32.14941,41.82247,10.92675,0.00478
236,07290650,32.018,-90.877,99.92857,16.69404,0.47705,41.5,22.6,28.87589,15,12.6832,0,19.91678,0,28.52945,38.87057,0,32.35044,0.74442,0.14124,1497.50065,76.4759,106.36333,20.87798,0.01111
237,02053200,36.371,-77.026,21.38095,4.42385,0.0804,47.2,30.9,49.99994,14,42.60402,0,36.10183,0,14.08981,7.20434,0,35.07934,0.80055,0.14521,1187.30421,58.36085,75.01098,17.0261,0.00947
238,04296000,44.869,-72.27,395.74232,89.95584,2.34395,51.7,16.2,3.89959,14,9.68145,0,15.49443,0,62.84404,11.98008,0,45.23325,0.50145,0.13056,1128.13676,43.50305,56.3359,12.7008,0.00589
239,04115265,43.25,-84.981,266.82895,17.38541,0.37064,57.9,11.4,37.04139,13,55.53699,0,31.94904,0,8.69922,0.79924,0.01551,60.60784,0.76829,0.11358,859.68032,43.6016,61.9928,15.1096,0.00646
240,03450000,35.653,-82.405,1014.71177,221.18458,6.75635,48.2,27,0.68517,13,3.20861,0,15.62671,0,69.35867,11.80601,0,57.97633,0.63734,0.17981,1106.12219,53.5374,66.9034,14.016,0.00788
241,13240000,44.914,-115.997,2105.56757,219.25664,7.77718,55.6,10.6,0.63901,20,0.50481,0,21.78667,0,0.38288,77.11649,0.20915,63.71918,0.42905,0.27122,1084.20916,41.6787,58.5437,10.7032,0.00401
242,02125000,35.335,-80.336,219.86309,29.18886,0.65469,50.8,25.4,1.32404,14,36.63364,0,47.60932,0,7.32722,8.42983,0,39.6,0.85866,0.1659,1131.72741,54.4034,71.2252,17.0688,0.0091
243,06191500,45.112,-110.794,2545.35194,193.71581,5.68339,34.91951,26.58537,1.12169,19,1.85768,0,53.29408,0,1.32039,40.74528,2.51427,74.11003,0.57854,0.18299,743.62206,26.13902,36.31902,8.76061,0.00381
244,06464500,43.029,-99.781,758.98831,19.28457,0.4608,50.45714,18.54286,28.45155,12,36.40682,0,62.69543,0,0.67839,0.17174,0,69.41222,1.45844,0.2103,547.43293,38.81246,50.74269,12.87701,0.0058
245,03500000,35.15,-83.38,877.5375,184.19068,4.69006,54.4,24.2,0.75111,15,4.77329,0,24.85183,0,45.08131,25.29357,0,65.93688,0.4554,0.19007,1706.00086,76.55033,103.9157,16.96707,0.00846
246,11266500,37.717,-119.666,2612.61479,305.27744,7.81884,50,24.9,0.68117,18,0,0,41.74594,0,1.09947,45.50349,11.6511,59.46321,0.49837,0.35465,1014.98917,77.88282,117.1574,13.7652,0.00345
247,03164000,36.647,-80.979,949.76101,105.22583,2.8861,48.2,27,0.85466,13,8.91206,0.06663,37.19325,0,50.66784,3.16021,0,58.20829,0.57624,0.18715,1241.37856,57.95711,80.91936,14.25489,0.00767
248,04059500,45.756,-87.202,310.60224,12.12254,0.28511,47.125,18.025,40.78148,17,7.08926,0,8.88204,0,31.85523,51.92348,0,57.8155,0.74396,0.15382,790.27396,39.99983,51.63693,13.6568,0.00582
249,01568000,40.323,-77.169,283.37029,110.23404,3.27415,42.8,26.8,0.89129,14,17.73691,0,31.55751,0,48.33195,2.37362,0,50.33223,0.69038,0.21868,1086.62572,50.47735,66.586,15.68928,0.00717
250,05399500,44.822,-90.08,423.05863,9.84941,0.29363,41.6,22.1,44.95585,12,58.75594,0.16667,31.13698,0,8.41821,1.52219,0,32.14434,0.73539,0.15323,844.03082,48.46778,60.50335,15.17968,0.00605
251,12056500,47.514,-123.33,973.98571,276.28046,9.62688,47.6,21.2,0.6506,20,0.0139,0,6.16101,0,0.12601,92.6132,1.08589,52.47518,0.15498,0.19114,3235.83153,133.4836,200.5614,18.1572,0.00509
252,05556500,41.366,-89.498,246.93339,13.15886,0.31481,31.6,30.4,43.93757,13,73.40544,0.22233,24.0851,0,2.19646,0.09068,0,39.01124,0.80534,0.16067,948.27935,53.11766,72.87322,16.37696,0.00709
253,14306500,44.386,-123.832,338.57292,152.73375,4.31084,40.4,25,0.69659,18,1.06348,0,2.70815,0,5.61002,90.61835,0,43.30873,0.31314,0.22115,2073.71895,81.39348,127.46158,13.48838,0.00665
254,13235000,44.085,-115.622,2076.26755,257.46407,7.77999,55.6,10.6,0.6099,19,2.16102,0,44.86825,0,0.9705,49.42571,2.57452,74.5689,0.54958,0.24834,914.29724,39.49002,57.40392,9.82916,0.00407
255,09378170,37.847,-109.37,2320.46402,210.28084,4.00046,42.05,27.4,4.10915,16,19.96838,0,56.24094,4.13621,4.17757,4.324,11.1529,48.16463,1.74979,0.28508,435.17563,29.8732,42.0651,11.38595,0.00377
256,03180500,38.544,-79.833,1050.45706,96.85868,2.93114,46.2,26.7,0.78861,14,2.24686,0,6.37017,0,88.46888,2.91409,0,37.61728,0.49495,0.16624,1244.86958,47.9931,65.05645,12.6908,0.0069
257,14325000,42.892,-124.071,628.28451,192.66504,6.61866,33.7,39.2,0.71351,18,1.56823,0,2.40315,0,2.27223,93.75639,0,36.92291,0.26853,0.25154,2357.53368,114.78433,172.1284,16.8412,0.00637
258,02430085,34.467,-88.284,152.60486,15.18338,0.47534,48.5,27.5,1.31644,14,16.07137,0,34.89991,0,33.42759,15.60112,0,46.1756,0.72984,0.18581,1416.58191,70.72218,100.55003,18.2583,0.01001
259,06360500,45.256,-100.843,802.86338,25.33056,0.61859,47.01758,20.21978,3.48554,14,18.01917,0.00489,80.30968,0,1.33464,0.1342,0.18643,31.73493,1.85004,0.27664,427.31566,33.51968,43.58423,11.651,0.00505
260,13161500,41.933,-115.675,2035.84245,149.07402,3.93032,44.9,22.2,1.55834,16,12.82931,0,76.63209,0,0.63276,2.13367,7.77217,66.75892,1.51308,0.2504,432.22643,21.26848,28.94275,7.40578,0.00364
261,08070000,30.337,-95.104,89.32265,11.71604,0.36856,48.74,27.76,36.33188,16,5.1745,0,31.20213,0,12.62786,50.78655,0.00896,23.85509,1.02038,0.21752,1201.01762,66.4723,89.4596,20.08728,0.01162
262,04040500,46.584,-88.576,503.86111,17.56009,0.46757,57.4,13.1,30.74087,16,10.29906,0,1.05294,0,54.5363,33.1117,0,58.35239,0.62475,0.15136,878.30094,43.08615,56.0109,15.7575,0.00555
263,08164300,29.467,-96.813,101.6657,12.79352,0.37212,32.53333,42,28.55918,11,28.14383,0,67.5958,0.25177,0.43078,3.57782,0,16.98104,1.43067,0.25908,934.65578,61.59842,85.05442,22.73808,0.01162
264,13011900,43.838,-110.441,2761.04579,205.42659,6.34577,34.78571,26.6,0.96153,20,0.23221,0,46.56255,0.0298,1.06643,47.42332,4.68569,69.97387,0.4389,0.18435,880.65692,31.39271,45.49853,10.728,0.00356
265,03050000,38.809,-79.882,874.76994,157.18853,3.54726,46.2,26.7,0.76989,13,1.21714,0,2.99648,0,93.10254,2.68384,0,34.23409,0.49634,0.14855,1322.73208,46.78375,63.5644,13.12225,0.00733
266,02056900,37.045,-79.844,460.06389,111.58619,2.52318,49.5,26.2,0.9952,13,15.01158,0,41.26608,0,41.93295,1.7894,0,50.7225,0.73491,0.18821,1139.16126,65.0841,85.91045,16.6552,0.00804
267,05123400,48.589,-100.442,531.19911,19.52795,0.33707,15.00357,31.58571,43.77832,14,55.04806,0.01587,36.79995,0,3.83819,3.0829,0.03646,25.35314,1.37736,0.24343,473.30088,35.95683,44.01598,14.09519,0.00466
268,11478500,40.48,-123.891,927.95277,203.85045,6.66389,43.48,30.62,0.76588,19,3.21284,0,7.42685,0,0.58341,87.9769,0,36.4842,0.49845,0.30508,1476.66389,84.29052,118.53114,13.17136,0.00555
269,08189500,28.292,-97.279,77.68983,9.85165,0.26196,43.14545,30.63636,39.27151,12,15.72401,0.04041,67.09057,9.27555,2.22624,5.64322,0,13.77913,1.77672,0.26397,791.64284,59.68557,80.16709,23.35435,0.01222
270,02111180,36.071,-81.403,851.57738,179.91458,4.29795,48.2,27,0.82944,13,3.47233,0,16.1523,0,66.12377,14.25159,0,59.125,0.54154,0.20447,1381.71372,67.5773,84.8581,16.832,0.00803
271,01047000,44.869,-69.955,405.75683,137.18673,3.72783,55.96667,13.46667,3.02729,16,0.84899,0,2.08933,0,64.18398,32.04437,0,45.70205,0.4427,0.16013,1263.83653,56.43007,75.10667,12.65957,0.00569
272,12488500,46.978,-121.169,1510.51312,238.76751,7.91758,55.6,10.2,0.65399,20,0,0,4.75196,0,0.07821,94.76425,0.40559,65.57801,0.32369,0.22735,1373.9424,60.33,88.6163,10.8514,0.00436
273,03144000,40.133,-82.148,311.01055,18.88712,0.56641,42.23333,26.03333,10.09758,13,27.11368,0,50.3005,0,21.23366,1.35216,0,38.09581,0.74829,0.13608,997.71794,42.47887,55.59433,12.0224,0.00742
274,14158790,44.335,-122.047,1077.51689,202.58679,5.96624,49.3,18.2,0.76355,19,0,0,0.02892,0,0.47773,99.49335,0,63.14977,0.26023,0.22776,2216.97635,88.78435,130.57425,14.972,0.00547
275,07167500,37.708,-96.224,378.06322,24.64561,0.63991,32.8,28.8,1.34826,13,26.26563,0,70.99173,0,2.22599,0.51665,0,19.66667,0.9956,0.22223,971.2318,60.13095,81.3351,19.8252,0.00818
276,03460000,35.668,-83.074,1145.3284,210.86149,6.6909,48.875,26.1,0.68762,16,0.87963,0,4.92764,0,58.99852,35.19421,0,61.35735,0.46455,0.17726,1471.14786,59.548,76.64818,14.6626,0.00764
277,11475560,39.73,-123.644,583.3,158.77761,4.35973,33.7,39.2,1.07514,18,1.09382,0,4.01212,0,0.69391,94.20015,0,28.24363,0.48284,0.33703,1672.2457,96.92795,149.8038,18.2072,0.00621
278,02298608,27.344,-82.157,20.81977,4.34123,0.09623,46,9.5,50,13,41.17075,0,42.45548,0.66433,3.05803,12.62984,0.02156,28.69118,1.01697,0.15946,1317.98266,63.64115,80.2377,20.965,0.01368
279,06814000,39.948,-96.109,406.09641,18.47935,0.4592,31.4,31.8,29.68065,12,60.81002,0,37.5785,0,1.4009,0.21058,0,20.92025,1.0062,0.21111,860.24,54.03894,66.05552,18.81664,0.00729
280,01539000,41.078,-76.431,443.12308,102.75627,2.10957,38.76,29.08,4.08253,13,14.09293,0,21.43938,0,62.76507,1.70262,0,40.62268,0.5802,0.19349,1149.61653,53.00726,65.52228,11.82496,0.00676
281,02464000,33.479,-87.597,150.58745,19.19289,0.59106,47.12,27.02,1.18852,15,10.7866,0,18.75172,0,31.72652,38.73515,0,34.68822,0.72915,0.17111,1444.89967,70.93166,93.93948,18.62792,0.01022
282,01532000,41.707,-76.485,453.74573,102.35604,2.45125,36.6,30.4,3.54975,12,14.61894,0,25.26389,0,57.77576,2.34141,0,36.50968,0.65373,0.18619,1009.60717,46.1194,60.5602,13.11507,0.00677
283,05585000,40.025,-90.632,196.45021,10.27129,0.2603,34.83182,28.20455,45.65195,13,63.49559,0.22212,28.52919,0,6.71384,0.67563,0,28.75223,0.85887,0.20524,981.82937,52.38381,71.88526,15.67627,0.00755
284,08013000,30.996,-92.674,77.84384,9.38526,0.25089,50.1,27.8,47.27006,16,1.7576,0,10.11518,0,16.14533,71.98189,0,31.16168,0.78206,0.16511,1479.08811,87.22377,114.92356,23.51676,0.01146
285,14154500,43.736,-122.873,813.84309,209.23615,6.63756,48.13333,20.96667,0.66556,19,0.23358,0,0.31432,0,0.68963,98.76247,0,53.32042,0.38663,0.20321,1573.92482,62.4586,93.38877,12.28857,0.00618
286,02221525,33.252,-83.481,167.5809,16.95855,0.43914,50.26667,27.4,1.32452,15,10.48623,0,23.37317,0,28.34028,37.80032,0,49.62766,0.92273,0.17939,1163.75441,57.074,79.9575,15.3696,0.00998
287,02481000,30.559,-89.122,61.70224,13.76259,0.38885,44.3,31.9,31.75997,16,5.49585,0,27.47273,0,4.42681,62.60461,0,35.29464,0.72288,0.15728,1614.00897,85.16505,114.1018,24.7832,0.01207
288,03498500,35.786,-83.885,428.13235,120.26144,2.8757,51.5,25.45,0.96226,14,11.05942,0,20.3277,0,37.9781,30.63478,0,49.76511,0.73097,0.18712,1246.31684,56.39388,74.94752,13.3681,0.00938
289,12447390,48.823,-120.146,1842.12585,251.65045,8.05808,55.6,10.2,0.64523,19,0.00012,0,31.60481,0,0.02225,67.87178,0.50104,66.66968,0.61573,0.25216,669.91851,39.1709,51.62162,15.3003,0.00389
290,11124500,34.597,-119.909,1263.54651,329.79753,8.22298,35.25,30.25,0.71364,18,0.57441,0,42.77009,16.48924,3.12469,37.04045,0.00111,23.69653,1.54061,0.46288,688.52163,85.5544,109.78775,19.7668,0.00449
291,11176400,37.561,-121.684,743.99091,144.81615,4.19548,46.65,28.65,0.74738,18,4.4694,0,67.71232,0.0607,7.77619,19.94706,0.03432,31.34545,2.02601,0.39616,499.38907,37.3765,54.1437,7.9246,0.00534
292,07301410,35.473,-100.121,794.08483,25.32213,0.55897,47.36667,25.9,26.41072,12,17.20249,0,81.93688,0,0.61787,0.07366,0.16909,33.03223,1.76951,0.21978,595.223,45.55388,55.44073,15.7104,0.00719
293,05487980,41.247,-93.266,296.44146,14.36191,0.42761,34,29.36,27.27644,13,52.09319,0.08892,40.33868,0,6.30474,1.17447,0,17.90244,0.87795,0.21078,930.02133,52.11306,69.10682,17.96528,0.00724
294,02011400,38.042,-79.881,757.56707,113.78634,3.86393,46.2,26.7,0.78601,12,2.67956,0,4.4551,0,91.47453,1.39081,0,40.88957,0.66449,0.1597,1059.68983,50.88235,67.5891,13.8572,0.00726
295,01144000,43.714,-72.418,455.17821,105.91603,3.52864,53.66923,14.93846,1.91694,13,2.62303,0,5.8302,0,86.69289,4.85388,0,48.82327,0.50045,0.16239,1162.01448,51.76622,65.99869,12.85982,0.006
296,13313000,44.962,-115.5,2225.76242,172.37752,5.41674,55.6,10.6,0.92345,19,0.28247,0,28.15077,0,0.2145,71.05548,0.29678,70.93014,0.4379,0.25378,1042.75884,45.95584,65.77048,11.08376,0.00389
297,02128000,35.387,-79.831,209.19804,20.17342,0.53311,50.8,25.4,1.24152,14,14.54232,0.44424,38.69989,0,29.64537,16.66819,0,32.53999,0.84534,0.16713,1142.90115,56.7346,74.83607,17.66493,0.00906
298,06623800,41.024,-106.825,2828.88535,165.14285,4.99446,41.1,26.4,0.83375,20,4.86671,0,43.09681,0,4.04759,47.98889,0,60.62025,0.39857,0.217,1094.50744,40.6734,54.2575,19.1604,0.00352
299,02178400,34.89,-83.53,826.80233,155.38488,4.05653,54.4,24.2,0.73333,15,0.4953,0,8.1781,0,56.57863,34.74796,0,64.69231,0.46696,0.18808,1702.44838,82.0612,103.6753,17.2988,0.00853
300,01187300,42.037,-72.939,342.26752,58.21756,1.83608,50.8,8,5.46849,14,6.29167,0,8.57269,0,76.85542,6.28022,0,45.58974,0.48714,0.17409,1342.85487,68.7339,85.0911,13.794,0.00658
301,11523200,41.111,-122.706,1672.92949,286.95618,8.22236,50,24.9,0.64356,19,0.55634,0,13.74614,0.28564,0.17885,85.10793,0.12511,68.76433,0.543,0.31941,1112.37391,70.45155,103.29685,11.9282,0.00464
302,05414000,42.731,-90.64,315.82526,21.16626,0.66303,35.1,28,1.16798,12,57.21109,0,35.87911,0,5.88917,1.02063,0,65.06948,0.77207,0.19431,908.80334,50.63317,63.6324,14.37733,0.00663
303,01333000,42.709,-73.197,410.76282,176.4163,4.78673,51.7,12.3,2.16781,10,5.75742,0.44435,11.72752,0,81.04904,1.02167,0,47.81169,0.52973,0.14653,1170.4161,51.3672,64.033,12.9164,0.00644
304,11143000,36.246,-121.773,749.56109,239.62315,7.47375,36.96,31.26,0.62208,18,1.28244,0,33.10597,0.26492,4.37003,60.77276,0.20388,39.16189,0.98913,0.41809,864.6858,76.68222,110.9731,15.36888,0.00611
305,06911900,38.711,-95.836,381.22917,17.61897,0.40942,31.4,31.8,1.39671,14,24.6891,0,71.65404,0,3.16359,0.49327,0,20.28834,0.94553,0.18873,959.12627,55.23405,75.43635,18.0386,0.00781
306,08267500,36.542,-105.556,3313.56213,248.74389,8.41775,40.3,26.4,0.59161,18,1.70185,0,42.71019,0,3.89691,50.98062,0.71043,69.91177,0.61282,0.22495,697.76485,36.2825,48.45,13.888,0.00342
307,14020000,45.72,-118.323,1054.83103,207.81595,5.91878,40.5,23,0.64519,17,7.07251,0,28.92722,0,1.01417,62.9861,0,63.17014,0.65449,0.1605,997.50657,43.4968,58.91825,9.5194,0.00488
308,11476600,40.351,-124.004,546.05096,200.99621,6.68217,33.7,39.2,0.78686,18,6.78723,0,7.96039,0,1.32978,83.92258,2.00E-05,32.9434,0.38336,0.32005,1761.58945,96.6117,143.0528,16.8284,0.00641
309,03281100,37.152,-83.76,369.58333,53.51182,1.72993,48.75,26.75,0.76475,13,7.4928,0,22.3263,0,69.37362,0.80728,0,30.47633,0.68782,0.17158,1249.30018,52.55565,73.09335,12.92015,0.00874
310,06921070,37.683,-93.37,366.89185,20.58958,0.57931,47.3,30.26,1.38307,13,50.52631,0,46.06041,0,2.52103,0.89225,0,34.20068,0.76159,0.18128,1181.80333,69.47516,87.88674,18.88312,0.0085
311,08171300,29.979,-97.91,401.85389,33.98679,0.92343,57.9,19.7,1.20483,14,8.16873,0,80.96341,0.05475,1.24254,7.50282,0.06775,44.01898,1.5213,0.28527,860.00712,65.96546,85.04422,22.84544,0.0104
312,07291000,31.503,-90.778,118.45089,16.99429,0.50059,41.5,22.6,24.67227,15,4.80938,0,12.26618,0,29.58069,53.34374,0,32.33386,0.7365,0.14202,1517.7332,78.24775,107.29627,21.89685,0.0112
313,09505200,34.675,-111.672,2102.70414,77.64322,1.98836,34.8,33.8,1.07257,18,0.56025,0,39.5695,18.714,4.10972,31.17583,5.20403,33.19716,1.15916,0.25893,639.5772,44.72813,62.27003,12.16447,0.00462
314,09447800,32.956,-109.531,1566.85128,149.80665,3.48748,62.3,17.8,4.30336,18,7.19824,0,22.58211,44.03577,1.29602,3.47825,21.40961,52.68381,2.76188,0.30203,383.49688,26.45406,39.27668,10.9281,0.00503
315,14309500,42.804,-123.611,760.4183,164.34512,5.24463,45.8,26.5,0.65006,18,0.16452,0,0.16722,0,0.66826,99,0,36.71895,0.43779,0.24014,1488.68453,72.3101,113.06445,10.5862,0.0061
316,08101000,31.285,-97.885,368.76989,27.42333,0.67938,45.7,31,1.31889,13,8.52787,0,86.46754,0,2.07736,2.92573,0.0015,25.01796,1.61336,0.23805,781.33931,57.82941,72.95697,17.9076,0.00962
317,07148400,36.815,-98.648,553.06919,21.75403,0.51076,48.3,18.75,11.43829,13,23.50322,0,75.196,0,0.82587,0.35372,0.12119,37.55468,1.42435,0.174,711.07943,55.81851,71.24189,18.51359,0.00754
318,12141300,47.486,-121.648,1003.89596,307.16591,10.9208,55.6,10.2,0.58263,20,0.01391,0,2.24723,0,1.79771,94.74307,0.53141,57.76905,0.19226,0.14101,2602.68133,100.5355,144.26093,14.2815,0.00532
319,06278300,44.508,-107.404,2880.26669,175.73025,4.72974,30.8,27.2,0.81904,18,1.42069,0,50.96977,0,1.25326,43.91096,2.4453,57.64773,0.48681,0.22431,773.97638,38.63312,51.48757,14.3503,0.00323
320,02479155,31.025,-89.017,53.69152,16.37443,0.43048,41.375,29.6,28.57239,16,1.54399,0,18.12364,0,11.12572,69.20665,0,35.20536,0.77255,0.16971,1480.5932,76.66327,108.834,22.1568,0.01159
321,01666500,38.325,-78.096,211.64883,68.40104,1.74253,50.8,25.4,1.06531,12,20.64324,0,51.29389,0,26.53196,1.53092,0,48.46626,0.73264,0.18878,1169.90651,62.4239,80.3035,14.8031,0.008
322,12377150,47.323,-113.98,1911.2695,490.27579,11.19187,40.1,25.8,0.5961,20,0.20046,0,30.31712,0,0.78631,65.11151,3.5846,75.55634,0.34768,0.16632,1313.55374,50.0055,71.4692,16.32,0.00423
323,06601000,42.322,-96.488,405.03106,20.87698,0.65719,42.8,23.8,18.51232,12,76.10522,0,22.48229,0,1.4003,0.01219,0,43.25358,1.05446,0.19406,747.34773,46.8812,61.3516,15.69653,0.00663
324,02296500,27.375,-81.796,28.90526,5.92494,0.11533,46,9.5,50,13,43.60271,0.17776,42.28848,0.33372,2.70846,10.87367,0.0152,49.29866,1.06804,0.15827,1257.35913,57.36676,73.51954,18.5784,0.01365
325,04015330,46.947,-91.792,409.05674,57.68715,0.91439,45.2,20,20.13057,16,1.3842,0,1.35795,0,48.31391,48.94394,0,48.09722,0.71043,0.13678,807.14455,45.9366,58.1967,15.8664,0.00553
326,09510200,33.694,-111.542,1138.59763,281.52777,5.31617,44,25.95,1.12446,16,5.29087,0,27.33064,43.53212,0.67743,7.9793,15.18964,30.02071,2.43602,0.35603,515.41949,50.41865,68.5931,12.6852,0.00535
327,09066000,39.596,-106.265,3247.6571,193.9955,6.82321,40.3,26.4,0.67835,20,1.08386,0,38.74293,0,3.89447,53.86917,2.40956,66.73602,0.50853,0.16209,720.26488,26.17615,33.71895,10.0134,0.00341
328,03170000,37.038,-80.557,724.55758,81.80762,1.8338,48.2,27,0.94769,12,11.21342,0,40.95299,0,45.14254,2.69105,0,50.00361,0.68035,0.18355,1101.73242,55.22358,76.92126,13.6992,0.00767
329,05129115,48.265,-92.566,430.90231,13.93823,0.39921,58.22,12.16,7.43087,17,1.66023,0,3.9858,0,41.56164,48.96778,0.02454,56.71207,0.85044,0.15562,674.80975,38.10599,51.64802,15.43496,0.00525
330,12414500,47.275,-116.189,1370.52358,201.1184,5.97957,55.6,10.6,0.63887,20,0.11089,0,1.96716,0,1.92774,95.99421,0,67.53115,0.46277,0.19605,1184.86897,43.40282,62.60031,11.58062,0.00487
331,09386900,35.283,-108.553,2452.60119,65.17759,1.70365,32.3,27.1,1.10109,18,3.94338,0,56.76215,9.05087,5.04236,14.75056,10.45069,36.67647,1.42538,0.22265,465.24069,27.4516,36.6284,10.1808,0.00398
332,01632000,38.637,-78.853,633.59053,134.54033,4.00766,45.5,28.13333,0.77872,13,10.57086,0,19.21566,0,68.50773,1.70575,0,42.72062,0.74211,0.19572,974.61019,48.58463,60.45393,13.93773,0.00702
333,03076600,39.656,-79.394,801.81988,47.17237,1.49814,42.8,26.8,1.01511,14,13.88151,0,29.41445,0,51.92573,0.77831,0,40.30818,0.52846,0.15026,1234.59113,47.7248,64.0528,13.498,0.00701
334,03186500,38.379,-80.484,1106.0676,131.177,3.90728,46.2,26.7,0.7398,14,0.89144,0,3.39436,0,93.94138,1.77282,0,36.15031,0.44018,0.16801,1391.59808,51.6277,71.43865,13.333,0.00694
335,02112360,36.311,-80.807,479.66041,102.93328,2.08477,49.5,26.2,1.07109,14,25.05796,0,49.79364,0,20.46707,4.68133,0,65.8631,0.68968,0.18044,1244.08329,63.4736,81.00385,15.2576,0.00847
336,12358500,48.495,-114.01,1726.87059,273.80635,9.11622,38.58,26.68,0.61998,19,0.66021,0,27.62445,0,0.75609,68.21914,2.19011,68.15126,0.39853,0.18819,1201.86506,42.11178,60.48015,12.86831,0.0044
337,05501000,39.818,-91.518,211.16262,11.83196,0.33919,42.74286,25.85714,40.77527,13,55.23514,0,35.35532,0,8.61722,0.6485,0.00097,10.8967,0.8715,0.20861,997.16162,53.50236,75.54976,16.71911,0.0078
338,03238500,38.858,-83.929,285.76398,8.08398,0.20874,41.8,24,41.97587,13,56.3921,0.05557,39.21315,0,4.02076,0.31842,0,20.03834,0.74007,0.1547,1087.77443,49.66777,62.1518,12.261,0.00799
339,02245500,29.979,-81.852,32.64938,9.82913,0.26027,55.2,24.9,46.13219,16,4.27657,0,31.59824,0.07964,3.07635,59.96813,0.00106,40.15976,0.94445,0.16188,1320.72193,70.51355,85.74915,22.54975,0.01271
340,07067000,36.991,-91.014,320.65371,26.6246,0.77062,48.5,27.5,1.18943,12,9.72224,0.00793,20.05852,0,68.39849,1.81282,0,41.71691,0.76436,0.20954,1204.2859,61.14353,81.40308,17.60954,0.00867
341,14141500,45.415,-122.171,613.40195,160.05376,4.83275,44.1,25.2,0.85908,18,3.09834,0,3.50613,0,5.2792,86.783,0,50.61448,0.27762,0.17163,2285.75113,84.0018,124.57897,14.5421,0.00619
342,03488000,36.897,-81.746,837.64671,125.99741,3.67858,47.12,26.44,0.83941,12,16.0477,0,33.69692,0,49.63082,0.62456,0,51.34527,0.66355,0.15438,1094.39341,43.95212,59.47108,12.25016,0.00781
343,11532500,41.792,-124.076,729.34183,225.96826,6.75195,33.7,39.2,0.66298,19,0.36581,0,6.29407,0.08716,0.47572,92.74663,0.03062,46.37103,0.24996,0.27948,2486.98508,117.34448,186.59352,19.58575,0.00623
344,07184000,37.281,-95.033,280.91716,7.99695,0.23668,42,28.8,1.60357,13,58.54361,0,37.02873,0,3.25426,1.17341,0,27.90282,0.82813,0.19167,1151.47945,67.26107,90.55487,21.98933,0.00857
345,08380500,35.652,-105.319,2645.88365,185.17546,4.80794,41.1,26.4,0.75576,19,1.5871,0,30.26196,9.10064,4.90767,53.89438,0.24826,59.35636,1.02558,0.26644,642.33447,33.50148,47.33102,14.70384,0.00408
346,01638480,39.255,-77.576,163.95031,36.78609,0.793,44.1,31,1.26265,14,37.55973,0.66695,49.115,0,11.60786,1.05048,0,49.10063,0.72523,0.18021,1138.68661,54.6908,76.2632,15.388,0.00771
347,04233000,42.393,-76.545,416.50327,90.09911,2.5222,36.6,30.4,3.03058,12,28.19048,0,32.659,0,36.44097,2.70954,0,46.79739,0.62515,0.15188,1009.47225,44.7551,61.6604,12.9208,0.00647
348,12048000,48.014,-123.133,1099.58513,342.30488,9.90164,52.93333,13.86667,0.68644,20,0,0,4.28122,0,0.01114,94.83093,0.87671,59.38741,0.25449,0.2272,1987.28275,85.0725,129.84453,13.82493,0.0049
349,02216180,31.991,-82.922,85.49133,10.20542,0.357,47.2,30.9,30.16167,14,12.76216,0,32.32964,0,10.17819,44.73,0,42.23977,0.98035,0.14081,1156.72936,56.8501,78.5859,19.2528,0.01081
350,04197170,41.114,-83.168,265.57419,13.26716,0.26344,41.1,24.5,50,12,71.6258,0,26.88139,0,1.39546,0.06287,0.03448,19.26582,0.78646,0.15536,958.13285,40.3785,51.305,10.755,0.00724
351,02427250,31.996,-87.068,97.54289,15.16468,0.40668,46.7,31.7,1.37996,15,3.92737,0,12.25484,0,12.35067,71.46712,0,33.53826,0.77111,0.14957,1431.36736,73.6884,101.35174,20.78808,0.01092
352,01550000,41.418,-77.033,552.27469,69.65521,2.20291,37.8,29.66667,1.25467,11,13.24248,0,22.79572,0,62.2777,1.6841,0,36.87312,0.64283,0.18717,993.94707,47.97067,58.9015,12.35253,0.00654
353,02479300,30.736,-88.781,60.65846,14.43237,0.39448,41.96,30.06,34.34188,16,4.83635,0,23.24571,0,6.68473,65.22946,0.00375,35.77178,0.73348,0.15587,1580.94061,82.9894,112.28878,24.01902,0.01193
354,02046000,37.067,-77.602,83.51515,9.32451,0.21909,50.8,25.4,1.34994,15,12.83705,0,34.23073,0,26.44755,26.48467,0,41.31549,0.80132,0.15985,1154.90284,60.6745,74.8424,17.32365,0.00877
355,03237280,38.644,-83.216,278.12883,53.90219,1.46372,44.5,26.75,0.89655,12,4.9875,0,14.13125,0,77.80726,0.574,0,22.48182,0.7745,0.15213,1055.3077,43.29335,62.7724,11.4666,0.00817
356,10234500,38.281,-112.568,2853.16564,219.38085,5.90779,33.7,30.2,0.65515,18,3.05121,0,40.86481,0.20896,3.54531,48.63076,3.69895,69.54878,0.77021,0.37916,763.81001,45.9804,59.2582,16.78,0.00328
357,12117000,47.386,-121.846,638.26513,221.59828,6.972,55.6,10.2,1.06654,19,1.21111,0,1.38766,0,7.48181,89.58609,0,59.61108,0.27731,0.13459,2056.73392,77.87013,111.12653,12.652,0.00598
358,08150800,30.644,-99.096,543.40719,40.77515,0.93268,48.1,26.43333,1.29422,14,10.03505,0,84.00476,0,1.87244,4.0827,0.00505,47.38492,1.7573,0.23229,707.38299,59.36253,69.43707,18.65067,0.00963
359,11482500,41.299,-124.051,486.66543,185.67135,5.78312,33.7,39.2,0.8532,18,0.50254,0,2.37321,0,2.36921,94.75505,0,42.47689,0.42642,0.28114,1678.35004,82.46341,124.21327,14.92269,0.00659
360,06440200,43.969,-101.767,784.95297,21.10661,0.57592,42.78,19.84,4.38662,13,10.76685,0,82.81529,0,0.31061,0.0075,6.09975,47.1328,1.9284,0.25816,436.16166,31.52412,44.45422,10.2817,0.0054
361,06468170,47.558,-98.863,511.38463,8.89119,0.18843,17.16667,32.9,48.37921,13,66.99583,0,30.18895,0,0.86508,1.49969,0.00601,24.71942,1.39179,0.25217,493.60482,37.25801,47.9635,14.19411,0.00491
362,12020000,46.617,-123.278,374.89931,113.21252,3.27873,37.05,32.1,0.83156,19,1.68657,0,2.03476,0,6.47954,89.79913,0,43.35069,0.32175,0.23372,1920.46064,75.5386,112.0692,12.9394,0.00635
363,05458000,43.033,-92.504,365.49188,10.98481,0.29197,31.4,30.9,47.19457,13,73.71684,0,22.74587,0,3.30916,0.22813,0,51.58008,0.76895,0.188,923.228,48.14822,64.77978,17.13093,0.00655
364,01591400,39.256,-77.051,174.2236,22.30106,0.56373,48.8,26.1,1.23696,13,46.3868,0,43.32564,0,9.1832,1.10435,0,59.22013,0.73868,0.1903,1117.76085,59.6534,76.6436,15.6909,0.00767
365,12013500,46.651,-123.653,267.71506,141.83337,3.51339,40.4,25,1.27914,19,3.08269,0,3.96243,0,8.08094,84.87394,0,45.68056,0.25997,0.21277,2373.397,90.84415,139.755,15.5958,0.00656
366,03463300,35.832,-82.184,994.28994,217.22215,6.34837,48.2,27,0.76729,13,2.60359,0,20.50245,0,66.17826,10.7157,0,57.04142,0.46715,0.21681,1528.30464,69.7671,97.007,16.7788,0.00784
367,04074950,45.19,-88.733,491.49892,18.2803,0.50866,51.7,16.2,23.24574,15,4.33671,0.04937,7.12316,0,58.55821,28.15477,0,68.65038,0.69378,0.14543,838.32898,44.14918,54.95473,14.43082,0.00581
368,06450500,43.601,-100.75,902.94149,24.37368,0.51712,56.13448,15.68621,25.68532,12,29.1329,0,69.8934,0,0.41244,0.36049,0.02836,67.87289,1.57916,0.22769,506.9215,36.40703,48.00013,12.90583,0.00558
369,05131500,48.396,-93.549,410.03936,10.04431,0.25699,44.54242,16.97273,40.74142,17,3.00532,0,7.95059,0,42.82782,45.25963,0.19906,55.61147,0.89589,0.14448,652.06238,38.0693,50.21733,14.99413,0.00526
370,01181000,42.237,-72.896,456.11465,56.91989,1.76453,50.8,8,4.74368,11,2.81109,0,7.29124,0,86.81019,3.08748,0,43.29487,0.45705,0.16488,1352.95711,61.6407,81.2722,14.4884,0.0064
371,08165300,30.064,-99.387,657.6986,20.6529,0.64265,57.9,19.7,1.36873,14,4.27117,0,84.70974,0,1.35431,9.61693,0.04785,58.8737,1.68885,0.25046,729.42408,63.1917,81.14627,21.12027,0.00959
372,07195800,36.255,-94.434,379,23.52433,0.62729,46.5,32.1,1.33449,13,39.92036,0,52.3616,0,6.7279,0.99014,0,44.32749,0.81601,0.19761,1175.1558,68.61693,86.14583,19.58447,0.00881
373,03479000,36.239,-81.822,1097.08929,168.76477,4.13677,48.2,27,0.76754,13,2.37389,0,20.08901,0,70.36561,7.17149,0,54.73965,0.50724,0.173,1316.24911,56.762,78.6358,15.4984,0.00762
374,09081600,39.232,-107.227,3143.2029,278.81638,9.07041,40.3,26.4,0.62414,19,3.35977,0,60.24345,0,12.37252,20.97349,3.05078,63.30285,0.44351,0.22071,931.4478,38.27937,53.49987,14.08733,0.00349
375,11264500,37.732,-119.559,2658.60789,290.5946,7.66627,50,24.9,0.67802,18,0,0,42.28864,0,1.08102,42.53331,14.09703,59.69197,0.49708,0.35352,994.0876,75.95308,115.06005,13.3172,0.00339
376,08202700,29.371,-99.288,438.10479,44.13806,1.16051,57.9,19.7,1.9671,15,6.7854,0,68.3489,0.01575,2.43593,22.40574,0.00828,34.91749,1.8614,0.33131,747.0252,57.2962,74.75017,20.8191,0.01023
377,05592575,38.937,-88.953,175.85976,4.48855,0.12658,53.1,25.3,50,13,68.4167,0,26.78687,0,4.72208,0.07435,0,11.85802,0.80951,0.16605,1080.93796,58.5951,84.3278,16.65215,0.00815
378,10343500,39.432,-120.238,2048.83851,144.99828,3.93583,50,24.9,1.32139,20,0.73943,0,24.04895,0,0.81292,70.48255,0.41615,64.17812,0.77308,0.38997,813.66254,61.0213,90.88615,10.1202,0.00397
379,05591550,39.507,-88.528,204.90779,7.27834,0.18357,35.9,29.38,50,14,72.42033,0.37759,22.88199,0,1.62607,0.49402,0,28.09769,0.81163,0.13948,1026.11579,55.11594,73.13178,18.86352,0.00788
380,05584500,40.33,-90.896,202.19555,9.50744,0.22421,33.94545,28.84545,48.80068,13,66.82839,0.0404,26.55244,0,5.3895,0.64383,0,28.81503,0.85567,0.20362,980.10107,51.30304,72.69203,15.66228,0.0075
381,12073500,47.389,-122.699,101.84397,30.8251,0.71824,47.6,21.2,12.06508,19,1.16794,0,7.43115,0,4.20011,87.2008,0,53.70714,0.57838,0.19982,1212.38141,56.5037,85.4013,10.0536,0.00686
382,14236200,46.595,-122.46,556.24648,203.99758,6.90247,33.7,39.2,0.76836,19,2.26985,0,5.5928,0,9.4967,80.64056,0.0001,54.43007,0.36429,0.20644,1684.00193,59.24255,91.64345,9.9786,0.00622
383,02212600,33.1,-83.724,153.4152,12.90265,0.30969,50.8,25.4,1.25439,16,2.09192,0,6.23807,0,27.71699,63.95303,0,46.7929,0.91173,0.16778,1178.95119,56.5708,83.0154,16.9812,0.01007
384,03366500,38.804,-85.674,237.63299,11.97564,0.29203,30.5,36.7,36.29102,15,41.90458,0,39.54969,0,18.0967,0.44903,0,16.76278,0.68677,0.15429,1216.81584,53.30365,75.79502,16.9415,0.00828
385,02235200,28.875,-81.489,22.37209,7.84142,0.18315,64.2,15.8,43.88512,13,22.22319,0,45.2217,1.56698,4.5191,23.31368,0.15535,63.07692,1.03921,0.15655,1251.97503,60.3117,79.6859,20.3976,0.01303
386,12041200,47.807,-124.251,538.4805,266.28148,8.33245,40.4,25,1.07989,20,0.00927,0,0.44066,0,0.52953,99.02054,0,54.19049,0.15836,0.19009,3721.30538,139.2459,202.8008,22.0387,0.00595
387,09512280,33.887,-111.954,1066.19527,177.60895,5.17847,34.8,33.8,0.82225,16,7.41421,0,22.34261,44.05958,0.61305,1.97876,23.5918,20.26316,3.14149,0.34055,411.57372,41.0662,58.6332,13.3868,0.00518
388,09066300,39.646,-106.382,3114.44099,253.77235,7.03613,40.3,26.4,0.65163,20,1.71873,0,36.21697,0,4.86305,55.42652,1.77474,62.0559,0.59603,0.17587,661.43063,24.9214,33.2028,9.6326,0.00361
389,03384450,37.472,-88.547,185.82738,28.54332,0.93191,47.5,22.2,2.25802,14,27.63779,0,36.84794,0,32.69141,2.82286,0,14.04217,0.74851,0.18765,1208.31673,64.781,79.8553,17.0305,0.0087
390,02081500,36.194,-78.583,155.84677,13.45811,0.36137,50.8,25.4,1.38314,14,30.6396,0,49.7492,0,12.50848,7.10272,0,29.84524,0.79384,0.14083,1174.91665,56.42355,76.39975,15.231,0.00888
391,08194200,27.965,-98.967,159.87938,10.82114,0.29418,21.1,45.1,1.63026,13,10.36716,0,85.02236,0.00526,0.08226,4.37959,0.14336,11.8889,3.27378,0.36925,511.9191,45.9227,55.3136,20.80309,0.01118
392,05489000,41.219,-92.909,275.56132,14.43155,0.44859,36.41429,27.24286,26.5632,13,49.57923,0,40.23987,0,7.12601,1.9082,0.00382,18.96516,0.87805,0.22348,934.61638,52.02576,69.34131,17.97944,0.00726
393,03011800,41.766,-78.719,622.94872,57.0678,1.66065,36.6,30.4,1.00435,10,2.50225,0,3.57026,0,93.71823,0.20926,0,41.25,0.53057,0.12668,1135.59577,49.8453,59.4001,13.8584,0.00653
394,01580000,39.63,-76.403,176.92813,27.38406,0.69613,48.8,26.1,1.15684,14,41.89843,0,41.16516,0,14.3829,2.55351,0,63.48742,0.69277,0.18138,1149.42588,58.14665,75.95255,15.828,0.00756
395,05466500,41.187,-90.967,225.58189,8.7814,0.25532,33.45714,29.21429,46.02841,12,67.45052,0,28.70446,0,2.54147,0.58918,9.00E-05,37.33907,0.85248,0.18239,925.83815,49.53923,65.73616,15.37173,0.00717
396,11381500,40.055,-122.024,1159.31943,176.95031,5.68486,51.86667,26.1,0.76945,19,0.02658,0,31.24681,0.0463,4.01421,64.55284,0.11325,64.16309,0.66073,0.32278,1220.73366,74.44013,109.65353,13.5361,0.0053
397,02152100,35.493,-81.682,491.99095,137.10448,2.86195,54.4,24.2,0.91698,14,13.08466,0,29.51772,0,38.07308,19.32454,0,57.71176,0.66454,0.19174,1355.53939,64.12945,82.3635,15.9203,0.0086
398,03161000,36.393,-81.407,1046.92857,105.28673,3.28268,48.2,27,0.82919,12,4.82782,0.33317,28.04015,0,61.46639,5.33246,0,57.45984,0.49693,0.19416,1380.59243,66.93087,89.65587,15.92033,0.00765
399,03066000,39.127,-79.468,988.04733,76.62706,2.18411,46.2,26.7,1.05561,14,10.70397,0,13.43718,0,73.69945,2.1594,0,39.08501,0.4639,0.15547,1324.14859,50.1763,63.00887,13.22987,0.0066
400,05291000,45.292,-96.488,420.15074,30.28436,0.5665,17.6,31.9,38.93278,13,67.28997,0,29.5418,0,2.19858,0.23727,0.0181,31.12058,1.21079,0.1914,588.48955,42.26971,51.69069,16.47883,0.00564
401,05362000,45.308,-90.957,444.41778,12.34496,0.34484,41.6,22.1,44.88749,14,12.62678,0,17.10561,0,65.29836,4.87834,0,50.01679,0.70534,0.18054,862.19878,48.76107,60.51788,16.44046,0.00593
402,06885500,39.682,-96.443,402.41704,16.21678,0.44951,31.4,31.8,31.93966,12,57.86316,0,40.78049,0,1.18479,0.17156,0,19.2523,0.98338,0.21306,897.21709,56.58225,69.40395,20.00511,0.00738
403,02349900,32.196,-83.902,109.12542,8.65508,0.25958,51.375,27.95,1.53248,13,49.40016,0,30.62816,0,8.48945,11.48223,0,54.43907,0.97416,0.15877,1157.03551,59.64278,80.37765,18.8153,0.0106
404,09505350,34.729,-111.776,1844.45294,164.78125,3.32841,34.8,33.8,0.92767,18,0.08451,0,34.38809,17.22648,2.87952,44.02183,1.39957,32.16959,1.38864,0.28353,605.20526,45.54545,59.791,11.2656,0.00497
405,08324000,35.662,-106.743,2654.47838,150.78084,4.27233,41.1,26.4,0.81495,17,1.60652,0,29.76118,4.70509,2.37376,55.52523,6.02821,54.95133,0.99413,0.24476,627.69466,35.158,47.34689,13.58111,0.00394
406,12167000,48.261,-122.048,633.59486,287.44476,8.15074,54.26667,12.03333,0.85487,19,1.37603,0,3.39313,0,6.52219,88.44685,0.09513,51.57554,0.23834,0.17606,2437.54091,82.74733,127.75603,12.95513,0.00581
407,07149000,37.039,-98.47,556.80559,22.18778,0.52475,47.15833,20.21667,18.26055,12,30.87321,0,67.87721,0,0.96831,0.27569,0.00558,38.49197,1.36014,0.18726,737.36199,54.61297,66.95105,18.75731,0.00753
408,02108000,34.829,-77.832,34.5368,6.25912,0.16265,47.2,30.9,27.11794,14,45.66527,0,37.66031,0,5.0502,11.62423,0,42.93066,0.78794,0.15026,1274.96466,61.29914,84.69826,19.68538,0.01022
409,05062500,47.267,-96.245,435.33096,16.00934,0.37175,41.61111,22.17778,40.48034,14,35.80093,0,29.51613,0,24.37953,8.02563,0,56.56075,1.0276,0.16468,621.71281,40.78132,52.35658,15.08762,0.00524
410,01415000,42.12,-74.818,615.39869,79.48665,3.09313,36.6,30.4,2.01703,10,4.0098,0,6.87901,0,84.36306,2.74813,0,43.88961,0.52047,0.15134,1132.32957,52.0282,64.7559,12.4256,0.00635
411,02215100,32.239,-83.502,117.13222,12.21723,0.32632,47.1,32,1.46839,14,33.92867,0,30.00551,0,12.58592,23.47991,0,53.36514,0.96814,0.15203,1156.86215,57.6169,82.5439,18.20825,0.01056
412,14139800,45.445,-122.11,746.63014,180.26124,5.78109,49.3,18.2,0.79728,18,2.32375,0,2.64825,0,4.48,89.54799,0,51.09064,0.23692,0.17046,2488.60127,93.7365,138.8358,15.72035,0.00592
413,12144000,47.493,-121.79,879.63571,302.54879,9.40085,55.6,10.2,0.7522,20,0,0.22206,3.20892,0,2.47528,93.87697,0.21676,59.08571,0.22224,0.13265,2388.57476,87.70875,131.1334,13.7832,0.00556
414,06291500,45.126,-107.601,1551.21088,127.70779,3.61234,40.1,25.8,0.87475,14,22.99362,0,73.22948,0,3.2163,0.53155,0.02905,72.0068,1.07144,0.19819,585.95989,29.2518,40.0442,9.1752,0.00452
415,04056500,46.031,-86.161,239.00715,8.91427,0.19264,45.05,16.72,46.26827,17,3.85045,0,12.48467,0,39.13111,43.13743,0.04634,70.28385,0.64752,0.14787,880.11243,37.12568,48.25434,14.27994,0.00578
416,05593575,38.442,-89.417,139.7561,6.93009,0.15735,53.1,25.3,50,13,69.64816,0,15.72616,0,10.99724,3.62843,0,9.82927,0.83353,0.16926,1087.03901,57.2206,81.77975,17.2244,0.0084
417,06853800,39.899,-98.25,574.6278,14.19335,0.34133,39.5,23.5,41.2423,11,62.57605,0,37.32458,0,0.09686,0.00251,0,40.72851,1.22472,0.19789,721.96613,50.05772,62.29155,17.3438,0.0069
418,12381400,47.195,-113.851,1716.99301,246.40938,7.59638,40.1,25.8,0.63698,20,0.21047,0,11.06832,0,0.19246,88.48647,0.04228,76.00704,0.41348,0.16035,1200.24185,47.2852,67.0835,14.4,0.00448
419,06632400,41.585,-106.223,2985.71974,133.1492,3.86921,35,32.8,2.46606,14,4.50753,0,51.42326,0,0.77115,39.16795,4.13011,52.84713,0.56275,0.19389,743.86595,31.7021,41.7606,14.076,0.00315
420,03140000,40.363,-81.862,310.84177,24.8684,0.75247,42.8,26.8,1.0265,13,24.191,0,55.27211,0,18.62455,1.91233,0,38.28931,0.7686,0.14598,965.85835,42.1892,52.463,13.3404,0.0074
421,11481200,41.011,-124.082,297.99525,132.79773,4.09186,33.7,39.2,2.99547,18,1.4323,0.11114,9.09205,0,4.20869,84.90581,2.00E-05,40.09674,0.48631,0.27443,1476.28038,72.8683,107.7913,13.2476,0.00709
422,06477500,43.776,-98.246,472.82797,17.86775,0.3427,44.40909,22.31818,45.28904,12,54.7704,0,43.80864,0,0.98893,0.1547,0.0046,20.18866,1.26874,0.20793,614.46541,45.03369,55.52782,17.83124,0.0059
423,01169000,42.638,-72.725,408.35221,78.93849,2.38948,50.8,8,3.33142,12,4.24305,0,4.73548,0,83.59553,7.42594,0,45.48718,0.49232,0.15823,1268.47285,56.92513,75.87033,12.2284,0.00642
424,14138900,45.494,-122.036,659.3105,263.06746,7.07361,49.3,18.2,0.84613,18,2.73103,0,3.73309,0,5.36818,85.50103,0,48.958,0.23654,0.17149,2587.18131,99.09627,146.08887,16.1401,0.00596
425,05595730,38.254,-89.04,144.83132,9.56598,0.23276,53.1,25.3,50,13,63.53927,0,31.50441,0,4.21238,0.74395,0,9.51829,0.84792,0.15672,1076.2054,58.1178,83.4444,16.6896,0.00845
426,02299950,27.474,-82.211,32.63158,3.25203,0.08611,46,9.5,50,13,32.95501,0,50.91824,0.27111,3.5906,11.91685,0.34819,28.88824,1.02081,0.15064,1305.27812,63.4076,85.6281,21.5652,0.0135
427,01547700,41.06,-77.606,332.85443,116.1709,3.46371,42.8,26.8,0.85602,13,7.72834,0,15.19519,0,73.53234,1.54413,0,53.78846,0.70208,0.18815,1008.76455,46.7498,57.1968,14.2732,0.00714
428,01549500,41.474,-77.231,518.55987,84.06781,2.56703,38.4,29.3,0.85078,12,11.66456,0,24.08806,0,62.65484,1.59255,0,38.66613,0.64871,0.18506,998.14244,50.23878,60.30557,12.06438,0.00658
429,12025000,46.62,-122.945,312.08675,90.24672,2.44489,33.7,39.2,5.73312,18,18.65587,0,18.90518,0,10.53418,51.90034,0.00443,52.66155,0.45339,0.20854,1470.23613,53.18558,79.35925,10.2152,0.00657
430,02395120,34.243,-84.89,266.28823,17.43415,0.52182,53.9,25.1,1.23596,15,17.92728,0,50.63709,0,13.43733,17.9983,0,51.73965,0.79816,0.21693,1281.59702,63.1548,83.058,16.4726,0.00964
431,03241500,39.723,-83.883,315.26192,8.82604,0.17565,41.1,24.5,45.36483,12,69.09042,0.31747,28.33306,0,2.00317,0.25588,0,45.23606,0.77466,0.15682,1013.65097,44.07139,60.36716,11.60691,0.00766
432,07335700,34.638,-94.613,405.48427,124.87404,3.38714,48.625,26.3,0.97371,16,5.14445,0,14.26721,0,34.47537,45.86297,0,20.18114,0.65682,0.17757,1501.57963,76.69105,101.42562,21.0588,0.00936
433,08014500,30.699,-92.893,62.46672,8.62372,0.23264,50.1,27.8,46.16068,16,3.8857,0.09877,13.63351,0,15.8192,66.34059,0,33.69195,0.76161,0.1644,1527.17789,95.85279,117.68781,23.63131,0.01174
434,09404450,37.339,-112.604,2247.13855,118.33424,2.96194,49.7,18.5,0.7856,19,5.76636,0,57.99705,13.27117,4.06838,13.8447,5.05233,77.63636,1.44766,0.24722,455.49992,29.6048,38.8518,9.0084,0.00399
435,08104900,30.626,-97.691,344.18862,21.91208,0.63888,51.8,25.35,1.37212,14,4.67133,0,85.09846,0,1.40034,8.74974,0.08013,36.97904,1.53501,0.23103,821.89979,56.55085,71.17075,20.8142,0.01012
436,07060710,35.995,-92.213,304.36905,42.05218,1.33104,52.7,25.4,0.93381,13,2.47243,0,23.13734,0,69.72055,4.66968,0,35.40113,0.85247,0.1956,1137.76571,63.0197,81.0461,16.213,0.00889
437,07375000,30.616,-90.249,56.61243,9.24118,0.26472,41.5,22.6,49.83885,15,10.86971,0.11112,34.67517,0,12.00253,42.34147,0,38.28005,0.72859,0.15706,1601.11784,85.59665,116.66115,24.2816,0.01199
438,06921200,37.75,-93.266,314.97273,16.07873,0.49738,46.5,32.1,1.42229,12,51.98511,0,44.24507,0,2.83626,0.93356,0,31.99271,0.77914,0.189,1175.98727,67.436,85.96105,19.5844,0.00855
439,09505800,34.539,-111.694,2016.80621,69.20801,1.85991,34.8,33.8,1.06481,18,0.29363,0,37.78485,14.19123,5.30521,39.60218,2.8229,34.7657,1.24837,0.25451,617.1291,45.0681,64.48642,10.98235,0.00475
440,14222500,45.837,-122.466,632.33219,173.25412,5.34408,37.45,32.35,0.79904,18,3.708,0,5.41977,0,6.59599,84.27625,0,56.15068,0.24825,0.29247,2653.02313,100.21455,147.4448,17.5498,0.00607
441,06344600,47.028,-103.053,807.4932,13.54756,0.41167,46.4,21.2,1.31881,13,34.63797,0,63.42217,0,1.56934,0.3705,2.00E-05,15.66434,1.87936,0.25586,379.61636,31.6812,40.3562,11.308,0.0047
442,02369800,31.028,-86.71,73.86391,9.07305,0.25122,48.8,31.3,36.75086,16,5.19008,0,17.13707,0,3.60948,74.06337,0,54.79167,0.74164,0.182,1551.21912,75.6866,111.3917,19.7028,0.01158
443,09035900,39.796,-106.031,3174.9089,243.69255,7.29838,40.3,26.4,0.74251,19,3.15818,0,44.64727,0,2.60978,47.1256,2.12583,67.86957,0.58704,0.17318,658.80537,24.5969,33.3527,9.0374,0.00348
444,06479215,45.181,-97.186,579.09804,13.38563,0.39753,17.6,31.9,41.70078,12,63.24926,0,32.90232,0,2.20204,0.64638,0,29.62296,1.24315,0.21274,561.74371,38.02035,49.09465,16.104,0.00551
445,03340800,39.813,-86.954,260.47779,10.30314,0.29076,41.1,24.5,46.12564,12,76.6836,0,20.54941,0,2.71494,0.05205,0,29.3,0.74451,0.16165,1085.36246,49.87437,64.83127,17.39493,0.0078
446,02297310,27.199,-81.988,26.26377,2.95666,0.07137,46,9.5,50,13,37.74513,0,45.87246,0.40371,3.29161,12.56383,0.12325,34.11744,1.02606,0.16174,1301.72941,63.79983,78.8391,19.707,0.01365
447,07362587,34.798,-92.934,304.54491,68.53248,2.47885,50.8,25.4,0.99547,16,6.1197,0,15.81149,0,30.75848,45.31033,0,20.05747,0.72872,0.18949,1366.1299,69.9819,95.7009,16.4462,0.00937
448,02102908,35.183,-79.178,86.99412,16.97208,0.44692,55.8,25.8,1.36033,15,14.22728,0,33.10789,0,8.19934,44.46549,0,57.51479,0.86438,0.15743,1181.76526,58.8678,83.4723,17.6236,0.00963
449,09312600,39.876,-111.037,2451.225,120.13269,3.97176,33.7,30.2,0.7986,19,12.53894,0,72.09389,0,7.58764,6.35062,1.42891,67.61875,1.14829,0.24049,482.84504,23.6806,32.6032,8.8704,0.0037
450,08070200,30.145,-95.124,89.32265,11.71604,0.36856,48.74,27.76,36.33188,16,5.1745,0,31.20213,0,12.62786,50.78655,0.00896,23.85509,1.02038,0.21752,1201.01762,66.4723,89.4596,20.08728,0.01162
451,01632900,38.693,-78.643,446.85494,106.77244,2.77281,42.8,26.8,1.1118,14,32.823,1.77762,46.02965,0,18.3642,1.00552,0,45.41049,0.8304,0.1825,951.34791,48.7094,62.7944,13.6144,0.00753
452,03346000,39.01,-87.946,178.35654,8.04962,0.20366,51.98,24.68,49.94201,12,75.03702,0,19.07659,0,5.40875,0.47764,0,22.76189,0.75378,0.15095,1129.36356,57.2612,77.52184,17.10934,0.00812
453,06614800,40.496,-105.865,3274.99371,218.45139,6.89753,40.3,26.4,0.6516,20,0,0,29.46,0,2.34667,65.44111,2.75222,62.36529,0.39317,0.19315,925.33121,35.47425,46.68665,13.7676,0.00325
454,06353000,46.092,-101.334,779.92086,19.26444,0.49532,45.34242,19.96364,1.32982,13,38.68275,0,60.05071,0,1.06968,0.19595,0.00091,18.58067,1.80212,0.23709,405.51291,34.75498,44.8609,12.34703,0.00488
455,04122500,43.945,-86.279,271.90727,17.33386,0.41454,61.4,6.4,34.20221,14,13.36094,0,23.79137,0,45.12128,17.39308,0,80.8976,0.70158,0.13981,930.88995,45.09701,61.25831,14.86237,0.00649
456,06221400,43.346,-109.41,3158.43137,256.11013,8.40524,30.8,27.2,0.64596,18,0.30095,0,55.15987,0,0.46151,18.8572,25.22047,65.11688,0.54721,0.19282,649.40616,35.1603,45.9253,10.0864,0.00283
457,08195000,29.489,-99.705,606.97519,47.09812,1.28054,57.9,19.7,1.03201,16,3.32932,0,68.11736,0,1.56037,26.98339,0.00956,48.69772,1.74785,0.28919,738.71554,61.1595,77.30374,20.65797,0.00974
458,14185000,44.392,-122.498,979.36931,225.98928,7.52329,49.3,18.2,0.70545,19,0.05788,0,0.09409,0,1.46919,98.37885,0,56.10979,0.24729,0.22044,2320.57845,87.38823,128.7719,15.6953,0.00572
459,08066300,30.481,-94.78,71.31797,11.04189,0.28169,46.7,27.7,44.06101,16,3.43485,0,25.95302,0,11.81969,58.79243,0,22.87725,0.93547,0.22054,1297.66238,70.62895,98.4142,22.924,0.01181
460,01567500,40.371,-77.402,308.00016,123.15229,3.56747,42.8,26.8,0.89334,14,15.35279,0,26.61546,0,56.42799,1.60376,0,48.47258,0.68451,0.19907,1082.58204,49.84805,67.71897,15.48938,0.00714
461,08109700,30.339,-96.905,148.13053,12.44448,0.35368,44.4,34,1.45439,12,20.03749,0.03705,74.67346,0,1.48941,3.76117,0.00142,27.25948,1.50051,0.25429,890.02925,65.67077,81.23427,19.9488,0.01102
462,08190000,29.429,-99.997,566.1824,45.43761,1.14917,57.9,19.7,1.08566,15,3.37555,0,77.70691,0,1.02978,17.85837,0.02939,44.85569,1.99549,0.28937,670.71216,56.8769,74.77628,22.07547,0.00967
463,02193340,33.683,-82.858,160.49854,14.23033,0.42103,52.9,24.8,1.32045,16,6.70237,0,16.95472,0,15.37794,60.96497,0,48.18824,0.92793,0.18122,1143.95803,53.5015,81.92215,15.4148,0.00987
464,06409000,44.014,-103.83,2024.58917,60.03653,1.83962,43.8,27,0.87507,16,2.18442,0,38.43124,0,1.0573,58.32704,0,79.81457,0.83638,0.21379,655.63471,37.093,51.26695,14.192,0.00408
